순위,영화명,개봉일,매출액,매출액 점유율,관객수,스크린수,상영횟수,대표국적,국적,배급사
1,아바타,2009.12.17,"81,455,728,000",7.0%,"8,151,952",714,"111,860",미국,미국,이십세기폭스코리아(주)
2,아저씨,2010.8.4,"47,101,332,000",4.1%,"6,178,248",501,"109,853",한국,한국,씨제이엔터테인먼트
3,인셉션,2010.7.21,"43,394,990,000",3.7%,"5,827,444",531,"81,891",미국,미국,워너브러더스 코리아(주)
4,의형제,2010.2.4,"40,153,729,000",3.5%,"5,416,812",569,"118,243",한국,한국,(주)쇼박스
5,아이언맨 2,2010.4.29,"32,635,195,500",2.8%,"4,425,003",921,"87,665",미국,미국,씨제이엔터테인먼트
6,전우치,2009.12.23,"26,345,113,000",2.3%,"3,611,472",556,"73,175",한국,한국,씨제이엔터테인먼트
7,이끼,2010.7.14,"25,437,300,500",2.2%,"3,350,303",740,"58,198",한국,한국,씨제이엔터테인먼트
8,포화속으로,2010.6.16,"23,831,958,600",2.1%,"3,330,324",742,"80,091",한국,한국,롯데쇼핑㈜롯데엔터테인먼트
9,하모니,2010.1.28,"21,641,750,000",1.9%,"3,018,131",384,"77,723",한국,한국,씨제이엔터테인먼트
10,방자전,2010.6.2,"22,490,024,000",1.9%,"2,985,483",495,"67,562",한국,한국,씨제이엔터테인먼트
11,솔트,2010.7.29,"21,360,288,000",1.8%,"2,869,938",556,"53,679",미국,미국,한국소니픽쳐스릴리징브에나비스타영화㈜
12,부당거래,2010.10.28,"20,996,302,500",1.8%,"2,722,996",502,"69,703",한국,한국,씨제이엔터테인먼트
13,시라노; 연애조작단,2010.9.16,"19,838,369,000",1.7%,"2,684,783",415,"77,736",한국,한국,롯데쇼핑㈜롯데엔터테인먼트
14,타이탄,2010.4.1,"21,796,996,500",1.9%,"2,642,483",694,"87,911",미국,미국,워너브러더스 코리아(주)
15,드래곤 길들이기,2010.5.20,"27,040,606,000",2.3%,"2,562,412",563,"57,264",미국,미국,씨제이엔터테인먼트
16,해리 포터와 죽음의 성물1,2010.12.15,"16,974,636,000",1.5%,"2,396,988",717,"40,463",미국,미국,워너브러더스 코리아(주)
17,하녀,2010.5.13,"17,038,639,000",1.5%,"2,267,556",555,"59,621",한국,한국,(주)싸이더스
18,나잇&데이,2010.6.24,"16,777,869,600",1.4%,"2,243,484",494,"54,797",미국,미국,이십세기폭스코리아(주)
19,슈렉 포에버,2010.7.1,"22,809,145,100",2.0%,"2,223,851",561,"51,317",미국,미국,씨제이엔터테인먼트
20,이상한 나라의 앨리스,2010.3.4,"20,334,399,500",1.8%,"2,147,012",397,"58,393",미국,미국,한국소니픽쳐스릴리징브에나비스타영화㈜
21,초능력자,2010.11.10,"15,374,489,000",1.3%,"2,130,606",612,"58,000",한국,한국,(주)넥스트엔터테인먼트월드(NEW)
22,이클립스,2010.7.7,"14,945,720,000",1.3%,"2,069,246",535,"46,355",미국,미국,(주)넥스트엔터테인먼트월드(NEW)
23,쩨쩨한 로맨스,2010.12.1,"15,338,827,000",1.3%,"2,009,586",450,"46,199",한국,한국,롯데쇼핑㈜롯데엔터테인먼트
24,페르시아의 왕자: 시간의 모래,2010.5.27,"14,483,501,000",1.3%,"1,970,823",567,"51,307",미국,미국,한국소니픽쳐스릴리징브에나비스타영화㈜
25,퍼시 잭슨과 번개 도둑,2010.2.11,"13,158,158,500",1.1%,"1,846,180",334,"43,667",미국,미국,이십세기폭스코리아(주)
26,해결사,2010.9.9,"13,844,624,000",1.2%,"1,843,404",525,"59,325",한국,한국,"(주)넥스트엔터테인먼트월드(NEW),(주)에스비에스콘텐츠허브"
27,악마를 보았다,2010.8.12,"13,919,416,500",1.2%,"1,817,063",490,"42,721",한국,한국,(주)쇼박스
28,로빈 후드,2010.5.13,"11,560,588,500",1.0%,"1,570,681",544,"41,953",미국,미국,유니버설픽쳐스인터내셔널 코리아(유)
29,무적자,2010.9.16,"11,629,780,500",1.0%,"1,546,132",412,"46,186",한국,"한국,홍콩,일본,태국",씨제이엔터테인먼트
30,황해,2010.12.22,"11,524,115,000",1.0%,"1,497,242",618,"23,295",한국,"한국,미국,중국","(주)쇼박스,이십세기폭스코리아(주)"
31,토이 스토리 3,2010.8.5,"14,319,338,600",1.2%,"1,458,865",393,"28,615",미국,미국,한국소니픽쳐스릴리징브에나비스타영화㈜
32,구르믈 버서난 달처럼,2010.4.28,"10,241,716,500",0.9%,"1,383,867",506,"48,314",한국,한국,에스케이텔레콤(주)
33,라스트 에어벤더,2010.8.19,"13,854,892,500",1.2%,"1,371,164",399,"32,416",미국,미국,씨제이엔터테인먼트
34,헬로우 고스트,2010.12.22,"9,796,273,500",0.8%,"1,356,230",472,"22,865",한국,한국,(주)넥스트엔터테인먼트월드(NEW)
35,육혈포 강도단,2010.3.18,"8,651,186,000",0.7%,"1,214,237",319,"51,941",한국,한국,롯데쇼핑㈜롯데엔터테인먼트
36,심야의 F.M.,2010.10.14,"9,179,170,500",0.8%,"1,208,306",423,"50,423",한국,한국,롯데쇼핑㈜롯데엔터테인먼트
37,레지던트 이블 4: 끝나지 않은 전쟁 3D,2010.9.16,"14,533,948,000",1.3%,"1,190,008",337,"37,849",독일,"독일,미국,영국",한국소니픽쳐스릴리징브에나비스타영화㈜
38,나니아 연대기: 새벽 출정호의 항해,2010.12.8,"10,889,884,000",0.9%,"1,140,201",493,"32,481",미국,미국,이십세기폭스코리아(주)
39,용서는 없다,2010.1.7,"8,544,828,000",0.7%,"1,118,277",323,"33,614",한국,한국,(주)시네마서비스
40,베스트셀러,2010.4.15,"7,983,184,500",0.7%,"1,081,752",308,"41,064",한국,한국,(주)시너지하우스 (시너지)
41,김종욱 찾기,2010.12.8,"7,894,328,000",0.7%,"1,081,748",427,"31,167",한국,"한국,인도",씨제이엔터테인먼트
42,마루 밑 아리에티,2010.9.9,"7,649,985,500",0.7%,"1,065,967",337,"29,804",일본,일본,씨제이엔터테인먼트
43,셜록 홈즈,2009.12.23,"7,787,961,500",0.7%,"1,052,059",359,"25,768",미국,"미국,영국",워너브러더스 코리아(주)
44,슈퍼 배드,2010.9.16,"9,717,463,000",0.8%,"1,027,050",338,"24,577",미국,미국,유니버설픽쳐스인터내셔널 코리아(유)
45,파괴된 사나이,2010.7.1,"7,692,092,100",0.7%,"1,012,310",363,"31,985",한국,한국,(주)시너지하우스 (시너지)
46,셔터 아일랜드,2010.3.18,"7,407,854,500",0.6%,"990,223",272,"29,043",미국,미국,씨제이엔터테인먼트
47,방가? 방가!,2010.9.30,"7,013,842,000",0.6%,"972,431",312,"41,556",한국,한국,(주)시너지하우스 (시너지)
48,평행이론,2010.2.18,"6,793,066,000",0.6%,"921,111",265,"32,341",한국,한국,씨제이엔터테인먼트
49,투어리스트,2010.12.9,"6,728,872,000",0.6%,"901,843",418,"26,842",미국,미국,한국소니픽쳐스릴리징브에나비스타영화㈜
50,스카이 라인,2010.11.24,"6,320,601,500",0.5%,"860,340",427,"31,690",미국,미국,(주)화앤담이엔티
51,고死 두 번째 이야기: 교생실습,2010.7.28,"5,802,318,000",0.5%,"857,038",313,"23,307",한국,한국,(주)넥스트엔터테인먼트월드(NEW)
52,A-특공대,2010.6.10,"5,795,794,000",0.5%,"777,985",323,"26,460",미국,미국,이십세기폭스코리아(주)
53,주유소 습격사건 2,2010.1.21,"5,379,208,500",0.5%,"729,834",315,"27,844",한국,한국,(주)시네마서비스
54,마음이2,2010.7.21,"4,631,432,000",0.4%,"696,382",262,"20,458",한국,"한국,중국",롯데쇼핑㈜롯데엔터테인먼트
55,내 깡패 같은 애인,2010.5.20,"5,028,520,000",0.4%,"688,639",265,"25,806",한국,한국,롯데쇼핑㈜롯데엔터테인먼트
56,스텝 업 3D,2010.8.5,"7,345,439,000",0.6%,"671,845",250,"14,805",미국,미국,(주)화앤담이엔티
57,하늘에서 음식이 내린다면,2010.2.11,"5,413,862,500",0.5%,"654,510",282,"16,556",미국,미국,한국소니픽쳐스릴리징브에나비스타영화㈜
58,새미의 어드벤쳐,2010.12.15,"6,108,607,500",0.5%,"647,860",309,"14,302",벨기에,벨기에,씨제이엔터테인먼트
59,오션스,2010.7.28,"4,403,647,500",0.4%,"640,632",212,"14,915",프랑스,프랑스,롯데쇼핑㈜롯데엔터테인먼트
60,명탐정 코난: 천공의 난파선,2010.7.21,"4,002,088,500",0.3%,"618,420",235,"11,902",일본,일본,에이원엔터테인먼트
61,이층의 악당,2010.11.24,"4,271,750,500",0.4%,"596,851",379,"26,998",한국,한국,(주)싸이더스
62,그린 존,2010.3.25,"4,460,075,000",0.4%,"596,403",268,"27,563",미국,미국,(주)싸이더스
63,반가운 살인자,2010.4.8,"4,285,830,500",0.4%,"590,531",264,"29,724",한국,한국,롯데쇼핑㈜롯데엔터테인먼트
64,레터스 투 줄리엣,2010.10.6,"4,270,689,500",0.4%,"582,958",283,"28,683",미국,미국,(주)넥스트엔터테인먼트월드(NEW)
65,퀴즈왕,2010.9.16,"4,188,846,000",0.4%,"573,001",321,"23,579",한국,한국,(주)시네마서비스
66,마법사의 제자,2010.7.21,"4,057,522,000",0.4%,"570,775",300,"19,017",미국,미국,한국소니픽쳐스릴리징브에나비스타영화㈜
67,라스트 갓파더,2010.12.29,"3,953,691,500",0.3%,"543,544",493,"8,275",한국,"한국,미국",씨제이엔터테인먼트
68,앨빈과 슈퍼밴드2,2009.12.30,"3,411,479,000",0.3%,"511,322",244,"14,053",미국,미국,이십세기폭스코리아(주)
69,소셜 네트워크,2010.11.18,"3,744,100,000",0.3%,"509,177",310,"18,695",미국,미국,한국소니픽쳐스릴리징브에나비스타영화㈜
70,피라냐,2010.8.26,"5,661,671,000",0.5%,"505,836",310,"22,744",미국,미국,에스케이텔레콤(주)
71,먹고 기도하고 사랑하라,2010.9.30,"3,674,965,000",0.3%,"500,266",324,"22,299",미국,미국,한국소니픽쳐스릴리징브에나비스타영화㈜
72,불량남녀,2010.11.4,"3,562,190,000",0.3%,"483,387",338,"24,441",한국,한국,(주)쇼박스
73,레드,2010.11.3,"3,550,436,000",0.3%,"482,053",317,"22,481",미국,"미국,캐나다",(주)화앤담이엔티
74,친정엄마,2010.4.22,"3,321,091,000",0.3%,"472,009",275,"24,994",한국,한국,(주)싸이더스
75,식객2 : 김치전쟁,2010.1.28,"3,243,969,500",0.3%,"462,714",347,"22,753",한국,한국,롯데쇼핑㈜롯데엔터테인먼트
76,적인걸: 측천무후의 비밀,2010.10.6,"3,342,474,000",0.3%,"459,876",292,"23,640",중국,"중국,홍콩",롯데쇼핑㈜롯데엔터테인먼트
77,언스토퍼블,2010.11.10,"3,273,318,500",0.3%,"452,320",297,"21,495",미국,미국,이십세기폭스코리아(주)
78,대한민국 1%,2010.5.5,"2,244,690,500",0.2%,"440,372",286,"20,352",한국,한국,롯데쇼핑㈜롯데엔터테인먼트
79,파라노말 액티비티,2010.1.13,"3,207,923,500",0.3%,"438,402",184,"17,015",미국,미국,(주)넥스트엔터테인먼트월드(NEW)
80,워리어스 웨이,2010.12.1,"3,097,461,500",0.3%,"432,072",433,"23,127",미국,미국,에스케이텔레콤(주)
81,섹스 앤 더 시티 2,2010.6.10,"3,022,970,000",0.3%,"398,347",233,"14,265",미국,미국,워너브러더스 코리아(주)
82,나인,2009.12.31,"3,046,461,500",0.3%,"397,889",336,"16,466",미국,"미국,이탈리아",(주)시너지하우스 (시너지)
83,아스트로 보이-아톰의 귀환,2010.1.13,"2,585,585,500",0.2%,"393,433",278,"15,793",미국,미국,㈜케이디미디어
84,익스펜더블,2010.8.19,"2,973,224,000",0.3%,"390,438",259,"15,798",미국,미국,(주)싸이더스
85,공자 춘추전국시대,2010.2.11,"2,774,370,000",0.2%,"371,607",236,"15,346",중국,중국,(주)시너지하우스 (시너지)
86,프롬 파리 위드 러브,2010.3.11,"2,804,967,500",0.2%,"369,394",294,"22,348",프랑스,프랑스,㈜케이디미디어
87,파라노말 액티비티 2,2010.10.21,"2,575,677,000",0.2%,"358,453",196,"13,647",미국,미국,씨제이엔터테인먼트
88,블라인드 사이드,2010.4.15,"2,613,051,000",0.2%,"355,516",129,"12,717",미국,미국,워너브러더스 코리아(주)
89,맨발의 꿈,2010.6.24,"2,372,787,500",0.2%,"331,945",332,"17,790",한국,"한국,인도네시아,일본",(주)쇼박스
90,킬러스,2010.9.2,"2,386,700,000",0.2%,"322,888",282,"17,930",미국,미국,(주)넥스트엔터테인먼트월드(NEW)
91,검우강호,2010.10.14,"2,242,810,500",0.2%,"312,283",344,"20,571",홍콩,"홍콩,중국,미국",(주)에스비에스콘텐츠허브
92,가디언의 전설,2010.10.28,"2,613,934,200",0.2%,"302,318",267,"14,421",미국,"미국,호주",워너브러더스 코리아(주)
93,베스트 키드,2010.6.10,"2,031,914,500",0.2%,"287,278",252,"13,464",미국,미국,한국소니픽쳐스릴리징브에나비스타영화㈜
94,프레데터스,2010.8.26,"1,991,492,500",0.2%,"276,536",231,"14,168",미국,미국,이십세기폭스코리아(주)
95,울프맨,2010.2.11,"2,062,933,500",0.2%,"265,409",263,"13,920",미국,미국,유니버설픽쳐스인터내셔널 코리아(유)
96,"울지마, 톤즈",2010.9.9,"1,439,624,500",0.1%,"260,998",73,"8,039",한국,한국,(주)씨타마운틴픽쳐스
97,극장판 도라에몽: 진구의 인어대해전,2010.7.28,"1,741,701,000",0.2%,"260,701",140,"5,639",일본,일본,씨제이엔터테인먼트
98,월 스트리트: 머니 네버 슬립스,2010.10.21,"1,760,899,000",0.2%,"241,438",288,"14,013",미국,미국,이십세기폭스코리아(주)
99,극장판 포켓 몬스터 DP 「환영의 패왕 조로아크」,2010.12.23,"1,631,689,000",0.1%,"234,093",139,"4,502",일본,일본,씨제이 씨지브이(CJ CGV)(주)
100,사랑은 너무 복잡해,2010.3.11,"1,741,752,000",0.2%,"234,083",180,"12,117",미국,미국,유니버설픽쳐스인터내셔널 코리아(유)
101,폐가,2010.8.19,"1,586,581,500",0.1%,"225,955",160,"8,769",한국,한국,(주)시너지하우스 (시너지)
102,포스 카인드,2010.2.25,"1,672,315,500",0.1%,"224,808",186,"13,044",미국,미국,(주)넥스트엔터테인먼트월드(NEW)
103,일라이,2010.4.15,"1,634,626,500",0.1%,"219,196",253,"15,862",미국,미국,(주)쇼박스
104,시,2010.5.13,"1,543,441,350",0.1%,"218,514",165,"11,711",한국,한국,(주)넥스트엔터테인먼트월드(NEW)
105,쓰리 데이즈,2010.12.22,"1,584,153,500",0.1%,"218,306",211,"6,769",미국,"미국,프랑스",롯데쇼핑㈜롯데엔터테인먼트
106,러블리 본즈,2010.2.25,"1,547,760,000",0.1%,"208,660",213,"10,916",미국,미국,씨제이엔터테인먼트
107,내니맥피 2: 유모와마법소동,2010.8.11,"1,355,256,500",0.1%,"206,674",164,"8,083",미국,미국,유니버설픽쳐스인터내셔널 코리아(유)
108,페스티발,2010.11.18,"1,517,620,500",0.1%,"196,937",234,"11,897",한국,한국,(주)시너지하우스 (시너지)
109,꼬마 니콜라,2010.1.28,"1,344,405,500",0.1%,"196,670",160,"9,274",프랑스,프랑스,(주)프라임엔터테인먼트
110,엣지 오브 다크니스,2010.6.2,"1,416,485,500",0.1%,"193,380",230,"13,619",영국,"영국,미국",(주)넥스트엔터테인먼트월드(NEW)
111,디어 존,2010.3.4,"1,416,393,000",0.1%,"189,117",255,"15,112",미국,미국,(주)화앤담이엔티
112,유령작가,2010.6.2,"1,314,227,500",0.1%,"177,671",186,"9,993",프랑스,"프랑스,독일,영국",(주)싸이더스
113,아빠가 여자를 좋아해,2010.1.14,"1,243,136,000",0.1%,"174,333",277,"13,408",한국,한국,(주)쇼박스
114,허트 로커,2010.4.22,"1,299,559,200",0.1%,"173,428",163,"9,200",미국,미국,(주)넥스트엔터테인먼트월드(NEW)
115,더 로드,2010.1.7,"1,276,388,500",0.1%,"172,392",171,"8,323",미국,미국,에스케이텔레콤(주)
116,발렌타인 데이,2010.2.11,"1,314,085,500",0.1%,"169,529",200,"8,750",미국,미국,워너브러더스 코리아(주)
117,그랑프리,2010.9.16,"1,219,746,000",0.1%,"167,024",232,"13,100",한국,한국,(주)싸이더스
118,렛 미 인,2010.11.18,"1,140,504,500",0.1%,"166,395",228,"10,185",영국,"영국,미국",롯데쇼핑㈜롯데엔터테인먼트
119,비밀애,2010.3.25,"1,206,962,000",0.1%,"164,252",268,"15,211",한국,한국,(주)시너지하우스 (시너지)
120,스플라이스,2010.7.1,"1,263,923,500",0.1%,"162,760",127,"7,375",캐나다,캐나다,(주)화천공사
121,김복남 살인사건의 전말,2010.9.2,"1,251,243,100",0.1%,"161,659",123,"5,467",한국,한국,(주)스폰지이엔티
122,무법자,2010.3.18,"1,221,713,500",0.1%,"160,734",190,"12,965",한국,한국,(주)넥스트엔터테인먼트월드(NEW)
123,회복,2010.1.14,"1,110,827,000",0.1%,"155,281",66,"6,095",한국,"한국,이스라엘",(주)스폰지이엔티
124,킥 애스: 영웅의 탄생,2010.4.22,"1,148,869,500",0.1%,"151,159",221,"10,742",영국,"영국,미국",롯데쇼핑㈜롯데엔터테인먼트
125,아바타 3D 스페셜에디션,2010.9.4,"1,870,164,500",0.2%,"148,098",146,"4,188",미국,미국,이십세기폭스코리아(주)
126,포켓 몬스터 DP: 아르세우스 초극의 시공으로,2009.12.24,"961,349,000",0.1%,"143,990",63,"3,452",일본,일본,실버스푼
127,크레이지,2010.4.8,"1,104,433,000",0.1%,"143,784",194,"12,578",미국,"미국,아랍에미리트연합국정부",(주)넥스트엔터테인먼트월드(NEW)
128,원피스 극장판: 스트롱 월드,2010.2.11,"972,367,000",0.1%,"143,431",76,"4,303",일본,일본,투니버스(주)온미디어
129,웨딩드레스,2010.1.14,"985,816,500",0.1%,"141,806",185,"9,417",한국,한국,(주)싸이더스
130,500일의 썸머,2010.1.21,"1,044,749,500",0.1%,"137,500",188,"9,259",미국,미국,"(주)팝엔터테인먼트,이십세기폭스코리아(주)"
131,나이트메어,2010.5.20,"1,056,379,500",0.1%,"136,925",152,"8,649",미국,미국,워너브러더스 코리아(주)
132,데이브레이커스,2010.3.18,"1,029,911,000",0.1%,"135,621",189,"11,421",미국,미국,(주)성원아이컴
133,트론: 새로운 시작,2010.12.29,"1,469,097,300",0.1%,"131,307",379,"5,909",미국,미국,한국소니픽쳐스릴리징브에나비스타영화㈜
134,죽이고 싶은,2010.8.26,"973,594,000",0.1%,"130,784",144,"8,255",한국,한국,롯데쇼핑㈜롯데엔터테인먼트
135,오션월드 3D,2010.8.11,"1,372,766,600",0.1%,"130,491",104,"3,269",영국,영국,㈜케이디미디어
136,두 여자,2010.11.18,"967,113,000",0.1%,"129,495",216,"10,104",한국,한국,씨제이엔터테인먼트
137,22 블렛,2010.10.14,"975,507,500",0.1%,"128,534",237,"12,241",프랑스,프랑스,㈜케이디미디어
138,스트리트댄스,2010.6.16,"1,424,994,000",0.1%,"127,629",214,"10,192",영국,영국,(주)시너지하우스 (시너지)
139,클로이,2010.2.25,"972,575,000",0.1%,"127,082",183,"10,035",프랑스,프랑스,(주)시너지하우스 (시너지)
140,뮬란: 전사의 귀환,2010.9.2,"889,356,500",0.1%,"125,425",242,"10,758",중국,중국,"(유)영화사 화수분,(주)에스비에스콘텐츠허브"
141,솔로몬 케인,2010.3.25,"940,027,000",0.1%,"124,836",194,"10,868",프랑스,"프랑스,체코,영국",(주)화앤담이엔티
142,마법천자문: 대마왕의 부활을 막아라,2010.8.19,"788,079,000",0.1%,"121,572",180,"5,576",한국,한국,씨제이엔터테인먼트
143,애프터 라이프,2010.9.2,"884,161,500",0.1%,"120,463",186,"9,147",미국,미국,(주)시너지하우스 (시너지)
144,극장판파워레인저 엔진포스VS 와일드스피릿,2010.1.7,"848,268,200",0.1%,"120,077",120,"4,088",일본,일본,씨제이엔터테인먼트
145,데블,2010.11.4,"855,105,000",0.1%,"116,403",187,"10,742",미국,미국,유니버설픽쳐스인터내셔널 코리아(유)
146,케로로 더 무비 5: 기적의 사차원섬,2010.4.29,"789,256,000",0.1%,"115,130",106,"4,382",일본,일본,투니버스(주)온미디어
147,8인: 최후의 결사단,2010.1.21,"864,912,500",0.1%,"114,929",158,"6,989",중국,중국,씨제이엔터테인먼트
148,쏘우 3D,2010.11.18,"1,447,063,000",0.1%,"114,034",160,"7,410",미국,"미국,캐나다",㈜케이디미디어
149,들어는 봤니? 모건 부부,2010.1.28,"866,323,000",0.1%,"113,137",162,"7,613",미국,미국,한국소니픽쳐스릴리징브에나비스타영화㈜
150,더 콘서트,2010.11.25,"776,211,500",0.1%,"108,073",130,"6,465",프랑스,"프랑스,이탈리아,벨기에,루마니아",유니버설픽쳐스인터내셔널 코리아(유)
151,캣츠 앤 독스 2,2010.9.16,"797,837,500",0.1%,"107,921",161,"5,158",미국,"미국,오스트리아",워너브러더스 코리아(주)
152,프로포즈 데이,2010.4.8,"812,954,000",0.1%,"107,337",148,"8,697",미국,미국,유니버설픽쳐스인터내셔널 코리아(유)
153,우리가 꿈꾸는 기적: 인빅터스,2010.3.4,"771,823,000",0.1%,"104,749",117,"6,439",미국,미국,워너브러더스 코리아(주)
154,아마존의 눈물,2010.3.25,"648,292,000",0.1%,"104,201",47,"4,393",한국,한국,(주)씨타마운틴픽쳐스
155,공주와 개구리,2010.1.21,"705,236,000",0.1%,"103,972",80,"3,147",미국,미국,한국소니픽쳐스릴리징브에나비스타영화㈜
156,라스트 엑소시즘,2010.12.1,"724,257,000",0.1%,"103,410",171,"8,016",미국,미국,(주)시너지하우스 (시너지)
157,꿈은 이루어진다,2010.5.27,"718,090,000",0.1%,"101,698",220,"8,984",한국,한국,씨제이엔터테인먼트
158,대병소장,2010.3.11,"706,907,500",0.1%,"96,868",157,"8,745",홍콩,홍콩,(주)싸이더스
159,하치 이야기,2010.2.18,"692,267,500",0.1%,"95,144",160,"7,735",미국,"미국,영국",(주)프라임엔터테인먼트
160,나탈리,2010.10.28,"1,114,062,000",0.1%,"94,875",196,"10,025",한국,한국,롯데쇼핑㈜롯데엔터테인먼트
161,필립모리스,2010.7.1,"639,369,700",0.1%,"83,508",114,"4,923",프랑스,프랑스,㈜케이디미디어
162,스위치,2010.12.1,"558,483,500",0.0%,"82,503",162,"6,854",미국,미국,씨너스엔터테인먼트(주)
163,엑스페리먼트,2010.8.11,"574,538,000",0.0%,"79,088",111,"5,124",미국,미국,(주)새인컴퍼니
164,노다메 칸타빌레 Vol.1,2010.9.9,"552,960,000",0.0%,"75,847",30,"2,613",일본,일본,"(주)미로비젼,아뮤즈코리아(주)"
165,참을 수 없는,2010.10.21,"566,731,000",0.0%,"75,740",222,"9,829",한국,한국,(주)시너지하우스 (시너지)
166,센츄리온,2010.8.26,"543,635,000",0.0%,"72,669",144,"6,677",영국,영국,(주)쇼박스
167,위대한 침묵,2009.12.3,"517,830,500",0.0%,"71,048",10,"1,497",독일,"독일,프랑스,스위스",(주)영화사 진진
168,브라더스,2010.5.5,"505,363,900",0.0%,"68,291",140,"6,269",미국,미국,(주)성원아이컴
169,주문진,2010.1.21,"372,281,300",0.0%,"66,098",95,"2,820",한국,한국,롯데쇼핑㈜롯데엔터테인먼트
170,골든 슬럼버,2010.8.26,"476,378,500",0.0%,"65,167",138,"4,638",일본,일본,씨제이엔터테인먼트
171,돌이킬 수 없는,2010.11.4,"465,532,500",0.0%,"64,371",204,"8,780",한국,한국,㈜케이디미디어
172,여대생 기숙사,2010.6.23,"490,581,000",0.0%,"64,345",143,"6,054",미국,미국,씨제이엔터테인먼트
173,파르나서스 박사의 상상극장,2009.12.23,"475,332,500",0.0%,"64,169",245,"3,947",미국,미국,(주)성원아이컴
174,베리드,2010.12.8,"461,632,500",0.0%,"63,234",116,"5,321",스페인,스페인,(주)화앤담이엔티
175,엘라의 모험 2: 백설공주 길들이기,2010.2.25,"432,336,000",0.0%,"62,841",86,"3,349",미국,미국,㈜케이디미디어
176,에브리바디 올라잇,2010.9.2,"458,376,000",0.0%,"60,857",127,"5,420",미국,미국,(주)화천공사
177,디센트: Part 2,2010.8.11,"461,416,000",0.0%,"60,801",136,"5,657",영국,영국,롯데쇼핑㈜롯데엔터테인먼트
178,바운티 헌터,2010.4.15,"453,911,000",0.0%,"59,581",123,"6,624",미국,미국,한국소니픽쳐스릴리징브에나비스타영화㈜
179,엽문2,2010.6.16,"444,197,000",0.0%,"58,928",140,"6,623",홍콩,홍콩,(주)프라임엔터테인먼트
180,듀 데이트,2010.11.24,"433,642,000",0.0%,"56,455",149,"6,567",미국,미국,워너브러더스 코리아(주)
181,하하하,2010.5.5,"428,797,700",0.0%,"56,354",26,"2,727",한국,한국,(주)스폰지이엔티
182,대지진,2010.11.4,"373,092,500",0.0%,"54,125",90,"3,468",중국,중국,필라멘트픽쳐스
183,톨스토이의 마지막 인생,2010.12.15,"388,417,500",0.0%,"53,551",107,"3,729",영국,"영국,미국,러시아,독일",롯데쇼핑㈜롯데엔터테인먼트
184,인 디 에어,2010.3.11,"406,463,000",0.0%,"52,573",52,"3,317",미국,미국,씨제이엔터테인먼트
185,폭풍전야,2010.4.1,"387,323,000",0.0%,"51,760",134,"6,410",한국,한국,(주)성원아이컴
186,사랑은 언제나 진행중,2010.3.11,"382,842,500",0.0%,"51,362",179,"7,385",미국,미국,(주)시너지하우스 (시너지)
187,킬러 인사이드 미,2010.7.7,"385,670,500",0.0%,"50,734",121,"5,200",미국,미국,(주)프라임엔터테인먼트
188,작은 연못,2010.4.15,"312,380,500",0.0%,"46,428",80,"4,593",한국,한국,
189,플래닛 51,2010.10.21,"287,804,500",0.0%,"45,527",67,"2,243",스페인,"스페인,영국",(주)쇼박스
190,된장,2010.10.21,"334,175,900",0.0%,"45,165",112,"4,657",한국,한국,"씨제이엔터테인먼트,GV 엔터테인먼트"
191,아더와 미니모이 2 : 셀레니아 공주 구출 작전,2010.7.8,"288,260,000",0.0%,"44,245",111,"3,031",프랑스,프랑스,롯데쇼핑㈜롯데엔터테인먼트
192,G-포스: 기니피그 특공대,2010.4.22,"405,615,000",0.0%,"39,522",82,"2,411",미국,미국,한국소니픽쳐스릴리징브에나비스타영화㈜
193,옥희의 영화,2010.9.16,"277,358,700",0.0%,"36,027",22,"1,924",한국,한국,(주)스폰지이엔티
194,위핏,2010.2.18,"220,733,500",0.0%,"34,507",124,"3,906",미국,미국,롯데쇼핑㈜롯데엔터테인먼트
195,서태지밴드 라이브 투어,2010.5.21,"255,562,000",0.0%,"34,136",1,251,한국,한국,(주)서태지컴퍼니
196,하비의 마지막 로맨스,2010.10.28,"245,088,500",0.0%,"33,669",41,"2,258",미국,미국,(주)영화사 진진
197,소명 2-모겐족의 월드컵,2010.4.1,"197,341,000",0.0%,"29,221",62,"2,593",한국,한국,(주)에스피엠
198,페어러브,2010.1.14,"202,592,500",0.0%,"27,083",45,"1,978",한국,한국,씨제이엔터테인먼트
199,기적의 오케스트라 - 엘 시스테마,2010.8.12,"182,783,300",0.0%,"25,806",21,"1,389",독일,독일,(주)영화사 진진
200,집 나온 남자들,2010.4.8,"186,095,500",0.0%,"25,773",133,"4,959",한국,한국,(주)싸이더스
201,예언자,2010.3.11,"193,007,000",0.0%,"24,906",25,"1,402",프랑스,프랑스,판씨네마(주)
202,스즈미야 하루히의 소실,2010.11.11,"166,044,500",0.0%,"24,055",28,774,일본,일본,에이원엔터테인먼트
203,사요나라 이츠카,2010.4.15,"179,113,500",0.0%,"23,229",31,"1,715",한국,"한국,태국,일본",씨제이엔터테인먼트
204,아메리칸,2010.12.29,"172,979,500",0.0%,"23,030",117,"1,638",미국,미국,(주)화천공사
205,스페이스 침스 - 자톡의 역습 3D,2010.8.19,"210,060,100",0.0%,"22,655",84,"1,529",미국,미국,㈜케이디미디어
206,토너먼트,2010.9.2,"162,232,000",0.0%,"20,316",31,"1,607",영국,영국,(주)씨타마운틴픽쳐스
207,콜링 인 러브,2010.3.25,"150,187,500",0.0%,"20,243",68,"2,720",미국,미국,㈜케이디미디어
208,쏘우-여섯번의 기회,2010.1.7,"156,444,000",0.0%,"19,516",49,"1,854",미국,미국,(주)빅버젯
209,대부,1973.9.1,"147,729,500",0.0%,"19,190",16,729,미국,미국,
210,커플 테라피: 대화가 필요해,2010.2.25,"147,655,000",0.0%,"19,163",66,"2,194",미국,미국,유니버설픽쳐스인터내셔널 코리아(유)
211,심장이 뛴다,2011.1.5,"86,812,000",0.0%,"18,296",17,98,한국,한국,롯데쇼핑㈜롯데엔터테인먼트
212,애프터 러브,2010.1.21,"140,789,000",0.0%,"17,943",13,727,이탈리아,이탈리아,라인트리엔터테인먼트
213,싱글맨,2010.5.27,"131,988,700",0.0%,"17,064",25,"1,269",미국,미국,"하준사,씨제이엔터테인먼트"
214,허리우드극장-그곳엔 추억이 있다,,"35,081,000",0.0%,"16,798",1,241,기타,기타,
215,2008 서태지 심포니 위드 톨가 카쉬프 로열필하모닉,2010.1.22,"129,241,000",0.0%,"16,446",1,80,한국,한국,
216,엘 시크레토 : 비밀의 눈동자,2010.11.11,"121,421,500",0.0%,"16,380",10,732,아르헨티나,"아르헨티나,스페인",(주) 포커스픽쳐
217,헤이트 발렌타인데이,2010.2.4,"125,682,500",0.0%,"16,302",74,"2,434",미국,미국,㈜케이디미디어
218,소와 함께 여행하는 법,2010.11.3,"105,338,000",0.0%,"16,096",88,"2,516",한국,한국,롯데쇼핑㈜롯데엔터테인먼트
219,토마스와 친구들 - 극장판 2,2010.6.10,"112,687,000",0.0%,"15,928",93,"1,645",미국,미국,에이원엔터테인먼트
220,청설,2010.6.17,"110,900,000",0.0%,"14,875",20,"1,393",대만,대만,(주)스폰지이엔티
221,런어웨이즈,2010.6.24,"110,024,500",0.0%,"14,848",76,"2,506",미국,미국,(주)넥스트엔터테인먼트월드(NEW)
222,유희왕,2010.1.28,"93,902,000",0.0%,"14,101",64,"1,041",일본,일본,에이원엔터테인먼트
223,테이킹 우드스탁,2010.7.29,"102,606,500",0.0%,"13,598",14,694,미국,미국,(주)영화사구안
224,밀크,2010.2.25,"95,544,000",0.0%,"13,159",31,"1,159",미국,미국,(주)씨타마운틴픽쳐스
225,귀 鬼,2010.6.10,"94,872,000",0.0%,"13,107",30,"1,067",한국,한국,씨제이엔터테인먼트
226,더 도어,2010.9.2,"101,746,000",0.0%,"13,061",26,956,독일,독일,예지림엔터테인먼트
227,속 대부,1978.4.20,"100,419,500",0.0%,"12,892",13,536,미국,미국,예지림엔터테인먼트
228,공기인형,2010.4.8,"96,511,300",0.0%,"12,514",15,812,일본,일본,씨제이엔터테인먼트
229,레고:클러치파워의 모험,2010.6.10,"86,350,500",0.0%,"12,430",56,"1,007",미국,미국,유니버설픽쳐스인터내셔널 코리아(유)
230,믿음의 승부,2010.4.15,"83,351,500",0.0%,"12,372",7,582,미국,미국,크로스픽쳐스(주)
231,동쪽의 에덴 극장판 ① 더 킹오브 에덴,2010.1.28,"83,223,500",0.0%,"12,262",48,"1,349",일본,일본,애니박스 엔터테인먼트
232,하얀리본,2010.7.1,"89,173,600",0.0%,"12,170",2,336,독일,독일,(주)영화사 진진
233,제로 포커스,2010.3.25,"89,329,000",0.0%,"12,065",76,"2,026",일본,일본,씨제이엔터테인먼트
234,조금만 더 가까이,2010.10.28,"90,058,200",0.0%,"11,723",20,974,한국,한국,KT&G 상상마당 영화사업팀 컴퍼니에스에스(주)
235,리틀 애쉬 : 달리가 사랑한 그림,2010.1.14,"87,625,500",0.0%,"11,428",12,888,영국,"영국,스페인",판씨네마(주)
236,나루토 질풍전 극장판 4 - 더 로스트 타워,2010.12.2,"75,017,000",0.0%,"11,116",58,985,일본,일본,애니박스 엔터테인먼트
237,소라닌,2010.8.26,"81,223,000",0.0%,"10,913",13,578,일본,일본,(주)스폰지이엔티
238,춤추는 꿈틀이 밴드,2010.2.4,"72,851,000",0.0%,"10,885",47,718,덴마크,"덴마크,독일",에이원엔터테인먼트
239,내 남자의 순이,2010.5.27,"73,108,500",0.0%,"10,449",99,"2,013",한국,한국,(주)새인컴퍼니
240,샤인 어 라이트(1st 지드래곤 콘서트),2010.4.15,"91,164,000",0.0%,"10,349",14,227,한국,한국,(주)와이지엔터테인먼트
241,셉템버 이슈,2010.1.28,"78,736,700",0.0%,"10,202",11,752,미국,미국,(주)미로비젼
242,테라 3D: 인류 최후의 전쟁,2010.11.4,"104,543,000",0.0%,"9,863",47,"1,026",미국,미국,(주)씨타마운틴픽쳐스
243,노라 없는 5일,2010.10.21,"71,892,400",0.0%,"9,784",9,478,멕시코,멕시코,프리비젼엔터테인먼트
244,데저트 플라워,2010.4.22,"71,849,500",0.0%,"9,740",15,767,영국,"영국,독일,오스트리아",(주)영화사구안
245,토일렛,2010.12.2,"70,711,000",0.0%,"9,551",9,351,일본,"일본,캐나다",(주)영화사 조제
246,존 레논 비긴즈-노웨어 보이,2010.12.9,"70,922,700",0.0%,"9,492",15,585,영국,"영국,캐나다",프리비젼엔터테인먼트
247,아이언맨,2008.4.30,"82,275,500",0.0%,"9,471",5,315,미국,미국,씨제이엔터테인먼트
248,경계도시 2,2010.3.18,"66,168,300",0.0%,"9,281",12,747,한국,한국,시네마달
249,불타는 내 마음,2010.3.25,"69,364,000",0.0%,"9,089",33,"1,257",한국,한국,씨제이 씨지브이(CJ CGV)(주)
250,어웨이 위 고,2010.2.4,"64,740,700",0.0%,"8,955",5,399,영국,영국,(주)스폰지이엔티
251,잊혀진 가방,2010.7.29,"59,804,500",0.0%,"8,905",8,662,한국,한국,(주)씨타마운틴픽쳐스
252,노스페이스,2010.6.2,"66,604,500",0.0%,"8,852",20,775,독일,독일,(주)씨타마운틴픽쳐스
253,러브 매니지먼트,2009.12.31,"65,441,000",0.0%,"8,501",43,"1,170",미국,미국,(주)싸이더스
254,투 아이즈,2010.8.5,"63,764,900",0.0%,"8,460",18,661,네덜란드,네덜란드,KT&G 시네마 상상마당
255,미 투,2010.4.15,"62,094,500",0.0%,"8,455",11,588,스페인,스페인,(주)바른손이앤에이
256,시리어스 맨,2010.3.25,"63,671,800",0.0%,"8,450",9,537,미국,미국,(주)스폰지이엔티
257,돈 조반니,2010.10.14,"59,483,400",0.0%,"8,220",16,579,이탈리아,"이탈리아,스페인",(주)디지탈케이아이엔
258,감동과의 재회전,,"47,576,500",0.0%,"8,006",3,172,기타,기타,
259,2009 일본 인디필름 페스티벌,,"58,428,000",0.0%,"7,966",3,490,일본,일본,
260,어쿠스틱,2010.10.28,"57,027,000",0.0%,"7,908",34,925,한국,한국,(주)키노아이디엠씨
261,클래스,2010.4.1,"55,508,000",0.0%,"7,620",7,441,프랑스,프랑스,(주)영화사 진진
262,"러블리, 스틸",2010.12.23,"57,052,000",0.0%,"7,363",8,207,미국,미국,(주)에스와이코마드
263,청담보살,2009.11.11,"35,344,000",0.0%,"7,228",2,50,한국,한국,(주)넥스트엔터테인먼트월드(NEW)
264,그 남자가 아내에게,2010.8.26,"53,232,500",0.0%,"7,214",5,351,일본,일본,(주)영화사 진진
265,선라이즈 선셋,2010.5.13,"51,366,000",0.0%,"6,878",15,553,러시아,러시아,프리비젼엔터테인먼트
266,2010년 시네마테크의 친구들 영화제,2010.1.15,"37,857,000",0.0%,"6,853",1,91,기타,기타,
267,벡,2010.11.18,"48,412,000",0.0%,"6,699",30,830,일본,일본,(주)씨타마운틴픽쳐스
268,2012,2009.11.12,"46,941,500",0.0%,"6,689",20,305,미국,미국,한국소니픽쳐스릴리징브에나비스타영화㈜
269,고스트: 보이지 않는 사랑,2010.11.25,"49,540,500",0.0%,"6,624",31,"1,028",일본,"일본,한국",필라멘트픽쳐스
270,퀼,2010.1.7,"50,178,500",0.0%,"6,589",14,677,일본,일본,(주)씨타마운틴픽쳐스
271,"토이 스토리 1,2",2010.5.5,"65,459,200",0.0%,"6,494",13,276,미국,미국,
272,클라라,2010.12.16,"47,671,600",0.0%,"6,430",7,202,독일,독일,(주)영화사 진진
273,어둠의 아이들,2010.3.25,"40,450,000",0.0%,"6,374",5,455,일본,일본,㈜씨에이엔
274,크레이지 하트,2010.3.4,"48,007,500",0.0%,"6,213",4,385,미국,미국,이십세기폭스코리아(주)
275,크랙,2010.7.28,"47,063,000",0.0%,"6,209",12,448,영국,"영국,아일랜드,스페인,프랑스,스위스",(주)씨타마운틴픽쳐스
276,줄리 & 줄리아,2009.12.10,"48,062,000",0.0%,"6,148",2,170,미국,미국,한국소니픽쳐스릴리징브에나비스타영화㈜
277,하얀 아오자이,2010.2.25,"36,658,000",0.0%,"6,130",21,415,베트남,베트남,롯데쇼핑㈜롯데엔터테인먼트
278,도쿄택시,2010.5.20,"44,799,500",0.0%,"6,012",13,505,한국,"한국,일본",(주)키노아이디엠씨
279,요술,2010.6.24,"46,293,700",0.0%,"5,993",33,798,한국,한국,씨제이엔터테인먼트
280,크리스마스 스타!,2010.12.23,"42,196,000",0.0%,"5,839",16,330,영국,영국,판씨네마(주)
281,판타스틱 Mr. 폭스,2009.12.24,"44,039,500",0.0%,"5,792",10,409,미국,"미국,영국",이십세기폭스코리아(주)
282,걸프렌즈,2009.12.17,"30,577,500",0.0%,"5,778",5,100,한국,한국,(주)넥스트엔터테인먼트월드(NEW)
283,엉클 분미,2010.9.16,"47,875,000",0.0%,"5,700",2,226,태국,"태국,영국,프랑스,독일,스페인,네덜란드",㈜영화사 백두대간
284,"땡큐, 마스터 킴",2010.9.2,"42,133,500",0.0%,"5,637",14,481,일본,"일본,호주",(주)인디플러그
285,유윌 미스 미,2010.2.11,"40,513,500",0.0%,"5,384",10,480,프랑스,프랑스,프리비젼엔터테인먼트
286,라임라이프,2010.9.2,"39,825,500",0.0%,"5,323",23,721,미국,미국,프리비젼엔터테인먼트
287,여의도,2010.12.2,"40,196,000",0.0%,"5,322",24,590,한국,한국,어뮤즈
288,레퓨지,2010.7.15,"38,932,500",0.0%,"5,313",16,611,프랑스,프랑스,(주)씨타마운틴픽쳐스
289,바흐 이전의 침묵,2010.10.21,"40,010,600",0.0%,"5,207",3,227,스페인,스페인,(재)전주국제영화제조직위원회
290,2010 시네바캉스 서울,2010.7.30,"28,287,000",0.0%,"5,118",1,72,기타,기타,
291,리키,2010.2.4,"38,073,500",0.0%,"5,021",23,683,프랑스,"프랑스,이탈리아",씨제이엔터테인먼트
292,"시네도키, 뉴욕",2010.1.7,"36,030,000",0.0%,"4,921",5,387,미국,미국,(주)스폰지이엔티
293,제9회 미쟝센 단편영화제(2010),,"24,809,000",0.0%,"4,868",3,67,한국,한국,
294,하트 비트,2010.11.25,"34,913,500",0.0%,"4,794",9,484,캐나다,캐나다,㈜씨에이엔
295,할,2010.10.14,"34,424,500",0.0%,"4,653",16,592,한국,한국,㈜인디스토리
296,사랑하고 싶은 시간,2010.12.2,"33,480,500",0.0%,"4,573",8,222,이탈리아,이탈리아,(주)영화사 진진
297,나는 나비,2010.12.2,"26,846,000",0.0%,"4,566",19,318,한국,한국,(주)인디플러그
298,예스맨 프로젝트,2010.3.25,"32,650,000",0.0%,"4,434",11,640,프랑스,"프랑스,영국,미국",(주)영화사구안
299,내 첫사랑을 너에게 바친다,2010.8.5,"32,217,000",0.0%,"4,283",9,360,일본,일본,(주)씨타마운틴픽쳐스
300,2AM SHOW,2010.12.9,"45,518,000",0.0%,"4,020",27,320,한국,한국,에스케이텔레콤(주)
301,용서,2010.12.5,"29,661,000",0.0%,"3,993",6,151,한국,한국,씨너스엔터테인먼트(주)
302,꽃비,2010.4.1,"31,909,500",0.0%,"3,965",7,245,한국,한국,어뮤즈
303,제2회 CGV-바자패션필름페스티벌,2010.9.1,"16,005,000",0.0%,"3,916",3,204,기타,기타,
304,참새들의 합창,2010.5.5,"27,705,500",0.0%,"3,827",12,365,이란,이란,(주)유니코리아문예투자
305,우리 의사 선생님,2010.4.29,"27,705,000",0.0%,"3,806",3,250,일본,일본,(주)영화사 진진
306,여배우들,2009.12.10,"26,899,500",0.0%,"3,793",7,319,한국,한국,(주)쇼박스
307,브라보! 재즈 라이프,2010.12.16,"29,341,800",0.0%,"3,785",11,270,한국,한국,KT&G 상상마당 영화사업팀 컴퍼니에스에스(주)
308,리미츠 오브 컨트롤,2010.8.12,"27,666,500",0.0%,"3,780",7,286,미국,"미국,일본",(주)스폰지이엔티
309,서서 자는 나무,2010.12.9,"28,866,500",0.0%,"3,754",13,341,한국,한국,(주)씨타마운틴픽쳐스
310,페데리코 펠리니 회고전,,"20,279,000",0.0%,"3,689",1,47,이탈리아,이탈리아,
311,아버지를 마지막으로 본 것은 언제입니까?,2010.5.27,"26,210,700",0.0%,"3,603",12,446,아일랜드,아일랜드,프리비젼엔터테인먼트
312,삼포가는 길,1975.5.23,"7,009,000",0.0%,"3,477",1,26,한국,한국,
313,남극의 쉐프,2010.2.11,"24,735,000",0.0%,"3,474",1,129,일본,일본,(주)스폰지이엔티
314,오페라-카르멘(메트로폴리탄),2010.4.4,"67,804,000",0.0%,"3,442",2,30,미국,미국,㈜메가박스
315,로마에서 생긴 일,2010.4.8,"26,475,000",0.0%,"3,429",12,399,미국,미국,한국소니픽쳐스릴리징브에나비스타영화㈜
316,닌자 어쌔신,2009.11.26,"26,567,500",0.0%,"3,416",23,315,미국,미국,워너브러더스 코리아(주)
317,이파네마 소년,2010.11.4,"25,033,500",0.0%,"3,410",13,453,한국,한국,프리비젼엔터테인먼트
318,채식주의자,2010.2.18,"25,146,000",0.0%,"3,379",19,634,한국,한국,(주)스폰지이엔티
319,파코와 마법 동화책,2010.7.22,"23,161,200",0.0%,"3,208",13,408,일본,일본,(주)씨타마운틴픽쳐스
320,모범시민,2009.12.10,"22,139,500",0.0%,"3,207",18,270,미국,미국,(주)시너지하우스 (시너지)
321,노 임팩트 맨,2010.6.17,"22,148,400",0.0%,"3,110",7,354,미국,미국,KT&G 시네마 상상마당
322,마마 앤드 파파,2010.5.20,"22,116,000",0.0%,"3,099",1,89,한국,한국,주식회사 케이엠스타
323,오페라-투란도트(메트로폴리탄),2010.1.10,"60,778,000",0.0%,"3,045",2,27,미국,미국,㈜메가박스
324,라이브 인 3D 휘성 : 잇츠 리얼,2010.9.30,"39,755,000",0.0%,"2,920",30,511,한국,한국,에스케이텔레콤(주)
325,바비,2010.2.4,"22,102,000",0.0%,"2,821",17,365,미국,미국,(주)씨타마운틴픽쳐스
326,당신을 오랫동안 사랑했어요,2010.1.7,"20,081,000",0.0%,"2,813",4,290,프랑스,프랑스,(주)씨타마운틴픽쳐스
327,언 애듀케이션,2010.3.18,"21,023,500",0.0%,"2,750",3,243,영국,영국,한국소니픽쳐스릴리징브에나비스타영화㈜
328,불청객,2010.9.30,"19,445,000",0.0%,"2,748",8,372,한국,한국,(주)이모션픽처스
329,하우 투 비,2010.1.28,"19,490,500",0.0%,"2,702",19,430,영국,영국,실버스푼
330,사이즈의 문제,2010.4.15,"20,506,400",0.0%,"2,701",12,346,이스라엘,이스라엘,프리비젼엔터테인먼트
331,이웃집 좀비,2010.2.18,"19,620,700",0.0%,"2,678",15,411,한국,한국,㈜인디스토리
332,레인보우,2010.11.18,"19,510,100",0.0%,"2,649",10,437,한국,한국,㈜인디스토리
333,아녜스 바르다 회고전,,"14,420,000",0.0%,"2,617",1,66,프랑스,프랑스,
334,반드시 크게 들을 것,2010.4.22,"18,758,900",0.0%,"2,566",6,256,한국,한국,㈜인디스토리
335,2010칸국제광고제 수상작페스티벌,2010.10.7,"20,866,000",0.0%,"2,517",2,105,기타,기타,
336,시네마 디지털 서울 2010,2010.8.18,"13,564,500",0.0%,"2,486",4,79,기타,기타,
337,살인의 강,2010.9.30,"18,936,500",0.0%,"2,475",14,423,한국,한국,(주)씨타마운틴픽쳐스
338,에반게리온: 파,2009.12.3,"18,128,000",0.0%,"2,434",2,108,일본,일본,예지림엔터테인먼트
339,계몽영화,2010.9.16,"18,111,800",0.0%,"2,417",10,428,한국,한국,㈜인디스토리
340,바람_감독판,,"17,063,000",0.0%,"2,395",1,54,한국,한국,(주)싸이더스
341,땅의 여자,2010.9.9,"16,179,500",0.0%,"2,336",14,382,한국,한국,시네마달
342,뉴 문,2009.12.2,"15,964,000",0.0%,"2,292",18,281,미국,미국,(주)넥스트엔터테인먼트월드(NEW)
343,아쉬람,2010.2.25,"17,612,000",0.0%,"2,276",3,188,캐나다,캐나다,(주)에스와이코마드
344,오시마 나기사 회고전,,"12,086,000",0.0%,"2,252",1,43,일본,일본,
345,이그잼,2010.11.11,"17,086,000",0.0%,"2,217",9,300,영국,영국,(주)에스와이코마드
346,누구를 위하여 종은 울리나,1972.3.18,"4,527,000",0.0%,"2,196",1,27,미국,미국,
347,살아있는 야생탐험,2009.5.11,"24,392,000",0.0%,"2,135",3,120,이스라엘,이스라엘,씨제이 씨지브이(CJ CGV)(주)
348,원 나잇 스탠드,2010.5.4,"14,584,800",0.0%,"2,123",11,227,한국,한국,KT&G 상상마당 영화사업팀 컴퍼니에스에스(주)
349,회오리 바람,2010.2.25,"15,821,000",0.0%,"2,117",11,533,한국,한국,(주)영화사 진진
350,천국의 속삭임,2009.12.17,"15,346,000",0.0%,"2,110",7,156,이탈리아,이탈리아,㈜인디스토리
351,하프웨이,2010.4.29,"14,738,500",0.0%,"2,079",11,349,일본,일본,이미지팩토리
352,탈주,2010.9.2,"15,836,600",0.0%,"2,060",12,282,한국,한국,㈜인디스토리
353,쿼바디스,1973.1.13,"4,063,000",0.0%,"2,026",1,20,미국,미국,
354,제7회 서울환경영화제[2010.05.19-05.26],2010.5.19,"7,961,000",0.0%,"1,990",3,95,기타,기타,
355,세이브 어 라이프,2010.11.11,"8,480,000",0.0%,"1,979",6,89,미국,미국,(주)씨타마운틴픽쳐스
356,집행자,2009.11.5,"6,774,000",0.0%,"1,966",1,34,한국,한국,"(주)스폰지이엔티,실버스푼"
357,미션,1986.12.24,"6,068,000",0.0%,"1,957",1,161,영국,영국,(주)피터팬픽쳐스
358,초합금 로보트 쏠라 123,2010.5.1,"10,907,500",0.0%,"1,936",32,247,한국,한국,서울동화
359,브라더후드,2010.11.18,"15,309,400",0.0%,"1,932",11,259,미국,미국,KT&G 상상마당 영화사업팀 컴퍼니에스에스(주)
360,우리 만난 적 있나요,2010.11.25,"14,688,500",0.0%,"1,928",8,312,한국,한국,코리아 코어 컨텐츠
361,레이징 피닉스,2010.3.25,"9,975,000",0.0%,"1,898",15,228,태국,태국,(주)디지탈케이아이엔
362,애즈 갓 커맨즈,2010.4.1,"13,475,500",0.0%,"1,889",10,351,이탈리아,이탈리아,프리비젼엔터테인먼트
363,벤허,1972.9.7,"3,947,000",0.0%,"1,871",1,41,미국,미국,(주)팝엔터테인먼트
364,카페 느와르,2010.12.30,"14,292,600",0.0%,"1,841",16,65,한국,한국,(주)스폰지이엔티
365,인셉션+이끼+마법사의 제자,2010.7.21,"19,972,000",0.0%,"1,839",3,11,기타,기타,
366,스카이 크롤러,2010.10.28,"13,575,500",0.0%,"1,804",2,138,일본,일본,예지림엔터테인먼트
367,제 4회 서울국제가족영상축제(SIFFF2010),2010.10.27,"8,806,000",0.0%,"1,772",6,117,기타,기타,
368,아웃레이지,2010.12.2,"13,179,500",0.0%,"1,758",7,259,일본,일본,(주)씨타마운틴픽쳐스
369,영도 다리,2010.7.1,"11,515,000",0.0%,"1,679",12,455,한국,한국,(주)씨타마운틴픽쳐스
370,빙점,1967.6.15,"3,426,000",0.0%,"1,673",1,20,한국,한국,
371,나쁜 놈이 더 잘 잔다,2010.6.24,"12,311,500",0.0%,"1,666",10,391,한국,한국,(주)키노아이디엠씨
372,미워도 다시 한번,1968.7.16,"3,378,000",0.0%,"1,659",1,25,한국,한국,
373,하녀,1960.11.3,"12,462,500",0.0%,"1,654",5,205,한국,한국,
374,키사라기 미키짱,2010.2.11,"11,816,500",0.0%,"1,645",7,298,일본,일본,(주)씨타마운틴픽쳐스
375,SICAF2010 서울국제만화애니메이션페스티벌,,"7,797,500",0.0%,"1,621",3,80,기타,기타,
376,친구사이?,2009.12.17,"10,275,500",0.0%,"1,611",6,151,한국,한국,청년필름(주)
377,내시,,"3,210,000",0.0%,"1,595",1,26,한국,한국,
378,슬픔은 그대 가슴에,1999.5.8,"3,168,000",0.0%,"1,569",1,20,미국,미국,
379,히어로,2010.11.18,"13,447,000",0.0%,"1,564",2,20,한국,한국,(주)씨타마운틴픽쳐스
380,미워도 다시 한번 '80 제2부,1981.5.30,"3,119,000",0.0%,"1,552",1,25,한국,한국,
381,사랑하는 사람아,1981.2.27,"3,014,000",0.0%,"1,502",1,26,한국,한국,
381,서유기 월광보합,1995.9.16,"11,488,000",0.0%,"1,502",3,71,홍콩,홍콩,
383,제8회 기독교 영화제,2010.10.21,"6,306,000",0.0%,"1,454",3,48,기타,기타,
384,소명,2009.4.2,"10,099,500",0.0%,"1,451",2,102,한국,한국,(주)영화사구안
385,2010핑크영화제,,"7,135,000",0.0%,"1,427",3,87,일본,일본,
386,솔트+인셉션+고사 두 번째 이야기: 교생실습,2010.7.28,"15,376,000",0.0%,"1,408",3,12,기타,기타,
387,스잔나,1981.7.17,"2,845,000",0.0%,"1,400",1,26,홍콩,홍콩,
388,케로로 더 무비: 드래곤 워리어,2009.4.30,"7,758,000",0.0%,"1,384",7,98,일본,일본,에이원엔터테인먼트
389,여행자,2009.10.29,"8,212,000",0.0%,"1,376",2,57,한국,"한국,프랑스",(주)영화사 진진
390,유키와 니나,2010.7.15,"9,536,000",0.0%,"1,358",2,158,프랑스,프랑스,(주)영화사 진진
391,서울아트시네마-2010 서울LGBT영화제,2010.6.2,"6,691,000",0.0%,"1,350",1,20,기타,기타,
392,제프 벡 로니스콧 라이브,2010.7.22,"12,981,000",0.0%,"1,346",3,90,영국,영국,㈜씨에이엔
393,지옥의 묵시록 : 리덕스,2001.8.30,"4,183,000",0.0%,"1,341",1,34,미국,미국,
394,엘리아 카잔 특별전,,"7,086,000",0.0%,"1,321",1,47,미국,미국,
394,벙어리 삼룡이,1964.11.13,"2,662,000",0.0%,"1,321",1,26,한국,한국,
396,리틀 디제이,2010.3.11,"9,689,500",0.0%,"1,317",14,307,일본,일본,(주)씨타마운틴픽쳐스
397,21세기 우리 시대의 영화 특별전,2010.10.9,"7,263,000",0.0%,"1,294",1,19,기타,기타,
398,희망의 별 - 이퀘지레템바,2010.10.7,"8,543,000",0.0%,"1,291",7,172,한국,한국,(주)씨타마운틴픽쳐스
399,서유기 선리기연,,"10,220,000",0.0%,"1,278",3,69,홍콩,홍콩,
400,마스무라 야스조 걸작선,,"6,688,000",0.0%,"1,245",1,50,일본,일본,
401,맨 온 와이어,2010.2.4,"8,652,500",0.0%,"1,238",2,142,영국,"영국,미국",(주)영화사 진진
402,푸른 수염,2010.4.1,"9,327,000",0.0%,"1,233",5,150,프랑스,프랑스,오드
403,경,2010.4.29,"8,564,900",0.0%,"1,212",4,134,한국,한국,KT&G 상상마당 영화사업팀 컴퍼니에스에스(주)
404,오페라-호프만의 이야기,2010.2.6,"23,944,000",0.0%,"1,209",1,11,미국,미국,㈜메가박스
404,2009 나다의 마지막 프로포즈,,"8,738,500",0.0%,"1,209",1,71,기타,기타,
406,퍼머넌트 노바라,2010.11.4,"8,119,800",0.0%,"1,194",6,178,일본,일본,(주)씨타마운틴픽쳐스
407,시네마정동-아이언맨 2+구르믈 버서난 달처럼+허트 로커,2010.4.29,"12,908,000",0.0%,"1,192",2,17,기타,기타,
408,이웃집 남자,2010.3.18,"8,171,000",0.0%,"1,188",10,267,한국,한국,주식회사 루믹스미디어
409,코러스,2005.3.3,"2,549,000",0.0%,"1,155",1,47,프랑스,프랑스,(주)영화사한결
410,사사건건,2010.1.21,"7,568,000",0.0%,"1,143",6,209,한국,한국,KT&G 상상마당 영화사업팀 컴퍼니에스에스(주)
411,외팔이,,"2,306,000",0.0%,"1,138",1,26,홍콩,홍콩,
412,"서울아트시네마 개관 8주년 기념 영화제 - 영화의 21세기, 미래의 시네마테크",2010.5.18,"6,005,000",0.0%,"1,113",1,16,기타,기타,
413,웰컴,2009.12.10,"7,660,500",0.0%,"1,098",8,92,프랑스,프랑스,실버스푼
414,J-MOVIE 썸머 페스타,,"7,222,000",0.0%,"1,091",1,109,일본,일본,
415,역마차,,"2,179,000",0.0%,"1,072",1,27,미국,미국,
416,미녀들의 전쟁,2010.6.24,"7,850,500",0.0%,"1,071",8,241,프랑스,프랑스,프리비젼엔터테인먼트
417,행복한 울릉인,2010.2.25,"2,797,000",0.0%,"1,068",5,102,한국,한국,(주)씨타마운틴픽쳐스
418,이터널 선샤인,2005.11.10,"6,553,000",0.0%,"1,067",1,33,미국,미국,"(주)노바미디어,코리아픽쳐스(주)"
419,악마를 보았다+익스펜더블+아저씨,2010.8.19,"11,546,000",0.0%,"1,058",2,9,기타,기타,
420,아저씨+토이 스토리 3(자막)+솔트,2010.8.5,"11,428,000",0.0%,"1,053",2,9,기타,기타,
421,이클립스+슈렉 포에버 (자막)+나잇 & 데이,,"11,390,000",0.0%,"1,048",2,15,미국,미국,
422,오페라- 햄릿 (메트로폴리탄),2010.6.12,"20,754,000",0.0%,"1,047",1,11,미국,미국,㈜메가박스
423,하얀전쟁,1992.7.4,"2,091,000",0.0%,"1,038",1,21,한국,한국,
424,셜록홈즈: 비밀병기,,"2,105,000",0.0%,"1,035",1,27,미국,미국,
425,시간의 춤,2009.12.3,"7,058,500",0.0%,"1,018",2,52,한국,한국,㈜인디스토리
426,킥 오프,2010.7.8,"7,340,700",0.0%,"1,009",9,211,이라크,이라크,㈜인디스토리
427,시크릿,2009.12.3,"6,635,000",0.0%,989,5,81,한국,한국,씨제이엔터테인먼트
428,바보들의 행진,1975.5.31,"2,069,000",0.0%,987,1,27,한국,한국,
429,식객,2007.11.1,"5,237,000",0.0%,985,3,40,한국,한국,씨제이엔터테인먼트
430,오페라-아르미다 (메트로폴리탄),2010.7.10,"19,132,000",0.0%,965,1,10,미국,미국,㈜메가박스
431,철부지 아씨,1968.3.14,"1,979,000",0.0%,957,1,31,한국,한국,
432,러브 송,2010.4.8,"7,084,200",0.0%,954,3,66,프랑스,프랑스,오드
433,오디션,,"5,260,000",0.0%,953,3,136,한국,한국,
434,기적,1972.12.23,"1,983,000",0.0%,949,1,31,미국,미국,
435,더티댄싱,1988.1.1,"2,503,000",0.0%,945,1,45,미국,미국,(주)즐거운 시네마
436,먹고 기도하고 사랑하라+레터스 투 줄리엣+적인걸: 측천무후의 비밀,2010.10.7,"10,369,000",0.0%,944,2,19,기타,기타,
437,여덟 번의 감정,2010.9.30,"6,502,000",0.0%,933,5,116,한국,한국,(주)스폰지이엔티
438,노르웨이의 숲,2010.9.30,"7,127,000",0.0%,926,9,273,한국,한국,(주)키노아이디엠씨
439,맘마미아!,2008.9.3,"1,923,000",0.0%,925,1,27,미국,미국,유니버설픽쳐스인터내셔널 코리아(유)
440,인디애니페스트 2010_한국,,"3,907,000",0.0%,921,1,21,한국,한국,
441,하쿠나 마타타 - 지라니 이야기,2010.12.9,"4,734,000",0.0%,900,2,43,한국,한국,(주)이모션픽처스
442,북극의 눈물,2009.10.15,"2,056,000",0.0%,895,1,28,한국,한국,실버스푼
443,나를 닮은 얼굴,2010.9.30,"4,944,500",0.0%,893,3,84,한국,한국,(주)영화사 진진
444,페티쉬,2010.11.25,"6,422,500",0.0%,872,3,104,한국,"한국,미국",(주)영화사 조제
445,맛있는 인생,2010.10.28,"6,033,000",0.0%,871,4,151,한국,한국,(주)스폰지이엔티
446,봄 여름 가을 겨울 그리고 봄,2003.9.19,"1,811,000",0.0%,863,1,32,한국,한국,코리아픽쳐스(주)
447,오페라-시몬 보카네그라(메트로폴리탄),2010.5.9,"16,958,000",0.0%,856,1,12,미국,미국,㈜메가박스
448,오페라-장미의 기사,2010.3.6,"16,920,000",0.0%,854,1,11,미국,미국,㈜메가박스
449,2008 서태지 심포니 앙코르,,"6,887,000",0.0%,837,1,6,한국,한국,
450,축구의 신: 마라도나,2010.6.3,"6,455,000",0.0%,834,10,175,스페인,스페인,(주)드림웨스트픽쳐스
451,카이지,2010.8.19,"6,046,000",0.0%,830,7,165,일본,일본,(주)씨타마운틴픽쳐스
452,초대받은 사람들,1981.10.24,"1,647,000",0.0%,821,1,21,한국,한국,
453,내 친구의 소원,2011.1.6,"6,544,000",0.0%,818,3,5,영국,영국,프리비젼엔터테인먼트
454,시스터 스마일,2010.4.29,"6,385,000",0.0%,811,2,94,벨기에,"벨기에,프랑스",우성엔터테인먼트
455,심야의 FM+검우강호+22 블렛,2010.10.14,"8,784,000",0.0%,810,1,10,기타,기타,
456,씨받이,1987.3.21,"1,630,000",0.0%,805,1,24,한국,한국,
457,더 코브: 슬픈 돌고래의 진실,2009.10.29,"4,523,000",0.0%,801,2,70,미국,미국,(주)스폰지이엔티
458,환상의 그대,2011.1.27,"6,022,000",0.0%,800,1,5,미국,미국,(주)티캐스트
459,바람,2009.11.26,"6,056,000",0.0%,792,3,18,한국,한국,(주)싸이더스
460,소규모 아카시아 밴드 이야기,2010.1.14,"5,631,500",0.0%,789,6,214,한국,한국,(주)이모션픽처스
461,이클립스+이끼+파괴된 사나이,2010.7.14,"8,456,000",0.0%,788,2,9,기타,기타,
461,스케이트 오어 다이,2010.10.21,"6,440,000",0.0%,788,1,30,프랑스,프랑스,판씨네마(주)
463,첩혈쌍웅,1989.7.29,"1,934,000",0.0%,787,1,45,홍콩,홍콩,(유)조이앤시네마
464,퍼시잭슨과 번개도둑+의형제+울프맨,2010.2.11,"8,512,000",0.0%,785,2,15,기타,기타,
465,낮은데로 임하소서,1982.6.26,"1,618,000",0.0%,784,1,32,한국,한국,
466,춤추는 동물원,2010.12.2,"5,760,400",0.0%,774,5,173,한국,한국,㈜인디스토리
467,만다라,1981.9.12,"1,600,000",0.0%,765,1,29,한국,한국,
468,상록수,,"1,538,000",0.0%,759,1,14,한국,한국,
468,이번 일요일에,2010.3.4,"4,915,000",0.0%,759,2,57,일본,일본,㈜인디스토리
470,2010 러시아 모스필름 회고전,,"3,928,000",0.0%,755,1,36,러시아,러시아,
471,퀸 락 몬트리올,2009.7.30,"7,178,000",0.0%,752,2,43,영국,영국,㈜씨에이엔
472,제4회 대단한 단편영화제,,"3,710,000",0.0%,742,1,36,한국,한국,
472,7월 32일,2010.4.22,"4,605,500",0.0%,742,3,99,한국,한국,㈜기억속의매미
474,인디포럼 2010,,"3,375,000",0.0%,735,1,30,한국,한국,
474,"제4회여성인권영화제, 피움 2010",2010.10.6,"3,435,000",0.0%,735,1,12,기타,기타,
476,블러디쉐이크,2010.5.27,"3,299,000",0.0%,721,6,97,한국,한국,㈜팜코리아미디어
476,수상한 이웃들,2011.4.14,"2,916,000",0.0%,721,2,10,한국,한국,(주)키노아이디엠씨
478,시라노; 연애조작단+그랑프리+퀴즈왕,2010.9.15,"7,752,000",0.0%,709,1,15,기타,기타,
479,마법사의 제자+솔트+이끼,,"7,852,000",0.0%,708,2,9,기타,기타,
479,렛 미 인,2008.11.13,"4,356,000",0.0%,708,1,35,스웨덴,스웨덴,"씨네그루(주)다우기술,(주)영화사구안"
481,작은 영웅 데스페로,2009.2.12,"4,043,000",0.0%,688,3,37,미국,미국,유니버설픽쳐스인터내셔널 코리아(유)
482,"빗자루, 금붕어 되다",2010.9.30,"4,822,500",0.0%,683,6,147,한국,한국,(주)마노엔터테인먼트
483,스프링 뮤직 필름 페스티벌,,"3,680,000",0.0%,676,1,62,기타,기타,
484,더 폴: 오디어스와 환상의 문,2008.12.4,"4,342,000",0.0%,673,1,25,인도,"인도,영국,미국",(주)영화사구안
484,토이 스토리 3(자막)+솔트+인셉션,2010.8.5,"7,352,000",0.0%,673,1,6,기타,기타,
486,"2010년 시네프랑스 7, 8월",,"4,610,500",0.0%,663,1,9,프랑스,프랑스,
487,나인+셜록 홈즈+아바타,,"7,322,000",0.0%,662,1,13,미국,미국,
488,마법의 세계 녹터나,2009.8.27,"3,968,500",0.0%,654,3,22,스페인,"스페인,프랑스",롯데쇼핑㈜롯데엔터테인먼트
489,우리들과 경찰아저씨의 700일 전쟁,2010.4.15,"4,739,500",0.0%,653,4,105,일본,일본,(주)씨타마운틴픽쳐스
489,왠 유어 스트레인지,2010.12.23,"4,875,000",0.0%,653,2,48,미국,미국,(주)영화사 조제
491,멀홀랜드 드라이브,2001.11.30,"3,636,000",0.0%,595,1,26,미국,미국,(주)영화사 안다미로
492,"2010년 시네프랑스 3, 4월",,"4,021,000",0.0%,588,1,20,프랑스,프랑스,
493,시네마 상상마당 가족영화열전,,"4,488,200",0.0%,586,1,29,기타,기타,
494,의형제+하모니+식객: 김치전쟁,,"6,256,000",0.0%,580,2,8,한국,한국,
495,제2회 서울국제초단편영상제,2010.11.5,"2,980,000",0.0%,571,4,60,기타,기타,
496,악마를 보았다+솔트+아저씨,2010.8.12,"6,116,000",0.0%,563,1,4,기타,기타,
497,라스트 에어벤더 2D+프레데터스+아저씨,2010.8.26,"6,172,000",0.0%,560,1,14,기타,기타,
498,나를 둘러싼 것들,2010.11.11,"3,852,500",0.0%,556,1,34,일본,일본,(주)스폰지이엔티
499,[2010SIAFF]비주얼 어쿠스틱스,,"3,248,000",0.0%,543,1,5,미국,미국,
500,셜록 홈즈+파르나서스 박사의 상상극장+전우치,,"5,870,000",0.0%,539,1,6,기타,기타,
501,화이트 크리스마스,,"1,062,000",0.0%,531,1,6,미국,미국,
502,애수,,"1,058,000",0.0%,529,1,4,미국,미국,
503,플랜 B,2010.6.17,"4,082,000",0.0%,505,2,79,미국,미국,한국소니픽쳐스릴리징브에나비스타영화㈜
504,좋아서 만든 영화,2009.12.17,"3,332,100",0.0%,503,6,60,한국,한국,(주)영화사 진진
505,워낭소리,2009.1.15,"1,009,000",0.0%,497,1,28,한국,한국,㈜인디스토리
506,시네마 상상마당 세 번째 음악영화제,,"3,248,600",0.0%,483,1,46,기타,기타,
507,젓가락,2010.10.28,"3,432,000",0.0%,480,11,172,한국,한국,씨제이엔터테인먼트
508,목소리. 마르그리트 뒤라스 영화제,,"3,457,500",0.0%,475,1,14,프랑스,프랑스,
509,여행,2010.5.20,"2,910,500",0.0%,469,3,72,한국,한국,(주)스폰지이엔티
510,더 문,2009.11.26,"3,371,000",0.0%,468,1,71,영국,영국,(주)영화사구안
511,해결사+마루 밑 아리에티+킬러스,2010.9.9,"4,986,000",0.0%,464,1,6,기타,기타,
512,경계도시,,"2,874,000",0.0%,461,3,40,한국,한국,시네마달
512,그을린 사랑,2011.7.21,"3,481,000",0.0%,461,1,3,캐나다,캐나다,(주)티캐스트
514,"2010년 시네프랑스 5, 6월",,"3,193,500",0.0%,459,1,9,프랑스,프랑스,
515,팔레르모 슈팅,2010.4.22,"3,132,000",0.0%,455,1,36,독일,독일,(주)스폰지이엔티
516,섹스 앤 더 시티 2+방자전+스트리트 댄스(2D),2010.6.10,"4,848,000",0.0%,452,1,8,기타,기타,
517,브로크백 마운틴,2006.3.1,"3,659,000",0.0%,448,1,20,미국,미국,씨제이엔터테인먼트
517,라푼젤,2011.2.10,"5,824,000",0.0%,448,2,2,미국,미국,한국소니픽쳐스릴리징브에나비스타영화㈜
519,제11회 멕시코 영화제,,"2,473,000",0.0%,446,1,31,멕시코,멕시코,
520,미클로슈 얀초 특별전,,"2,349,000",0.0%,445,1,12,헝가리,헝가리,
521,[2010SIAFF]시티즌 아키텍트+나의 놀이터,,"2,640,000",0.0%,442,1,5,미국,"미국,기타",
522,암병동,,"1,102,000",0.0%,441,1,2,폴란드,폴란드,
523,할리우드 고전 특별전,,"2,379,000",0.0%,439,1,9,미국,미국,
524,파괴된 사나이+맨발의 꿈+나잇 & 데이,2010.7.1,"4,624,000",0.0%,427,1,6,기타,기타,
525,별들의 고향,1974.4.26,"865,000",0.0%,425,1,14,한국,한국,
526,운수대통,1975.1.31,"848,000",0.0%,424,1,6,한국,한국,
527,크리스마스 캐롤,2009.11.26,"2,797,500",0.0%,420,5,60,미국,미국,한국소니픽쳐스릴리징브에나비스타영화㈜
528,메리 크리스마스,2007.12.20,"2,269,500",0.0%,419,1,17,프랑스,"프랑스,독일,영국,벨기에,루마니아,노르웨이",위드시네마
528,마녀의 관,2010.3.4,"2,346,000",0.0%,419,2,97,한국,한국,(주)이모션픽처스
530,"2010년 시네프랑스 1, 2월",,"2,857,500",0.0%,413,1,8,프랑스,프랑스,
531,신사는 금발을 좋아해,,"824,000",0.0%,412,1,6,미국,미국,
532,파주,2009.10.28,"3,226,000",0.0%,411,1,39,한국,한국,(주)엠케이픽처스
533,첫사랑 열전,2010.5.5,"2,625,000",0.0%,408,2,96,한국,한국,웃기씨네
534,G20성공기원 영화대축제,2010.10.28,"2,103,000",0.0%,407,2,65,기타,기타,
535,포화 속으로+베스트 키드+A-특공대,2010.6.16,"4,406,000",0.0%,405,1,8,기타,기타,
536,[2010SIAFF]기무+콜하스 하우스라이프,,"2,416,000",0.0%,404,1,5,기타,기타,
536,어제 내린 비,1975.1.1,"808,000",0.0%,404,1,6,한국,한국,
536,나잇 & 데이+슈렉 포에버 (자막)+포화 속으로,2010.7.1,"4,432,000",0.0%,404,1,6,기타,기타,
539,협객 김두한,1975.6.5,"802,000",0.0%,401,1,6,한국,한국,
540,용서는 없다+나인+전우치,2010.1.7,"4,342,000",0.0%,399,1,7,기타,기타,
541,멘탈,2010.4.8,"2,711,000",0.0%,393,2,57,일본,일본,(주)씨타마운틴픽쳐스
541,하이자오 7번지,2010.3.18,"3,030,500",0.0%,393,4,66,대만,대만,(주)씨타마운틴픽쳐스
543,우주의 신비,2008.7.3,"5,046,000",0.0%,391,1,17,이스라엘,이스라엘,
544,뭘 또 그렇게까지,2010.4.29,"2,532,500",0.0%,387,2,63,한국,한국,(주)스폰지이엔티
544,의형제+발렌타인 데이+하모니,2010.2.11,"4,294,000",0.0%,387,1,7,기타,기타,
546,네이키드 보이즈 싱잉,2010.2.1,"2,893,000",0.0%,386,1,33,미국,미국,(주)은석필림
547,성가신 이웃,,"2,271,000",0.0%,381,1,5,아르헨티나,아르헨티나,
548,카사블랑카,1999.4.3,"985,000",0.0%,380,1,10,미국,미국,
549,"제4회 여성인권영화제, 피움 2010_한국",,"1,747,000",0.0%,377,1,4,한국,한국,
550,영원과 하루,2004.11.17,"2,912,000",0.0%,376,1,8,그리스,"그리스,프랑스,이탈리아",㈜영화사 백두대간
550,셜록홈즈: 녹색옷의 여인,,"762,000",0.0%,376,1,21,미국,미국,
552,아바타+전우치+나인,,"4,162,000",0.0%,375,1,2,기타,기타,
553,체코에 평화를,,"1,018,000",0.0%,374,1,6,체코,체코,
554,셀브르의 우산,,"746,000",0.0%,373,1,6,프랑스,프랑스,
555,브로큰 임브레이스,2009.11.19,"2,989,000",0.0%,372,3,48,스페인,스페인,유니버설픽쳐스인터내셔널 코리아(유)
556,서울,2010.4.22,"2,443,000",0.0%,368,2,60,한국,한국,(주)스폰지이엔티
557,천국의 우편배달부,2009.11.12,"2,928,000",0.0%,366,1,2,한국,한국,씨제이엔터테인먼트
557,곤충들의 수다 시리즈 1~3,,"693,000",0.0%,366,1,2,영국,영국,
559,연산군,1962.1.1,"740,000",0.0%,365,1,4,한국,한국,
560,엣지 오브 다크니스+방자전+페르시아의 왕자: 시간의 모래,2010.6.2,"3,978,000",0.0%,364,1,8,기타,기타,
561,파괴된 사나이+포화 속으로+이클립스,2010.7.7,"3,898,000",0.0%,361,1,7,기타,기타,
562,"2010년 시네프랑스 9, 10월",,"2,503,000",0.0%,360,1,8,프랑스,프랑스,
563,뜨거운 것이 좋아,,"706,000",0.0%,353,1,6,미국,미국,
563,카페 서울,2010.1.2,"2,322,600",0.0%,353,1,51,일본,"일본,한국",(주)나이너스엔터테인먼트
565,폭군 연산,,"704,000",0.0%,352,1,6,한국,한국,
566,바바라 해머 회고전,,"1,984,000",0.0%,348,1,29,미국,미국,
567,장선우 특별전,,"1,844,000",0.0%,345,1,19,한국,한국,
568,[2010SIAFF]건축가의 배,,"2,047,000",0.0%,342,1,4,영국,"영국,이탈리아",
569,하모니+식객: 김치전쟁+주유소 습격사건 2,,"3,738,000",0.0%,340,1,7,한국,한국,
569,클로이+의형제+평행이론,2010.2.25,"3,716,000",0.0%,340,1,10,기타,기타,
571,셜록홈즈: 공포의 밤,2010.2.6,"696,000",0.0%,338,1,14,미국,미국,
572,인디피크닉2010,,"1,966,000",0.0%,334,1,15,한국,한국,
573,2010 부산국제단편영화제,2010.5.12,"1,655,000",0.0%,331,2,24,기타,기타,
574,영원한 봉인,,"859,000",0.0%,329,1,3,덴마크,"덴마크,핀란드,스웨덴,이탈리아",
575,평행이론+발렌타인 데이+의형제,2010.2.18,"3,542,000",0.0%,327,2,8,기타,기타,
576,똥파리,2009.4.16,"2,060,000",0.0%,326,2,51,한국,한국,(주)영화사 진진
577,섹스 앤 더 시티 2+방자전+엣지 오브 다크니스,2010.6.10,"3,532,000",0.0%,325,1,6,기타,기타,
578,아저씨+토이 스토리 3+인셉션,2010.8.19,"3,612,000",0.0%,323,1,2,기타,기타,
579,나잇 & 데이+맨발의 꿈+포화 속으로,2010.6.24,"3,498,000",0.0%,322,1,7,기타,기타,
580,에반게리온 : 서(序),2008.1.24,"2,143,500",0.0%,319,1,43,일본,일본,(주)태원엔터테인먼트
580,09-03-15 결전의 날,,"804,500",0.0%,319,1,3,스페인,"스페인,기타",
582,7인의 말괄량이,1976.1.15,"634,000",0.0%,317,1,6,한국,한국,
583,솔트+아저씨+인셉션,2010.8.13,"3,484,000",0.0%,316,1,2,기타,기타,
584,라벤더의 연인들,2008.7.3,"2,019,000",0.0%,312,1,24,영국,영국,(주)영화사구안
585,아이 노우 유 노우,2010.5.4,"1,971,000",0.0%,308,1,37,영국,영국,(주)씨타마운틴픽쳐스
585,원스,2007.9.20,"1,971,200",0.0%,308,1,2,아일랜드,아일랜드,"(주)제이앤씨미디어그룹,(주)영화사 진진"
587,킬러스+애프터 라이프+피라냐 2D,,"3,352,000",0.0%,307,1,7,미국,미국,
588,토마스와 친구들 - 극장판,2009.4.9,"2,432,000",0.0%,304,1,2,영국,영국,(주)코카반
589,먹고 기도하고 사랑하라+시라노;연애조작단+방가? 방가!,2010.9.30,"3,288,000",0.0%,301,1,7,기타,기타,
590,인셉션+내니 맥피 2+토이 스토리 3(자막),2010.8.11,"3,230,000",0.0%,295,1,8,기타,기타,
591,부드루스,,"758,000",0.0%,287,1,3,이스라엘,"이스라엘,미국,팔레스타인",
592,타이탄+그린 존+셔터 아일랜드,2010.4.1,"3,114,000",0.0%,286,1,7,기타,기타,
592,"괜찮아, 정말 괜찮아",2010.5.20,"1,782,000",0.0%,286,1,61,일본,일본,(주)씨타마운틴픽쳐스
594,구봉서의 벼락부자,,"566,000",0.0%,283,1,6,한국,한국,
595,[2010SIAFF]프라하의 눈,,"1,669,000",0.0%,281,1,4,체코,체코,
596,블랙,2009.8.27,"1,960,000",0.0%,280,1,2,인도,인도,"이언픽쳐스,(주)넥스트엔터테인먼트월드(NEW)"
597,레터스 투 줄리엣+시라노;연애조작단+방가? 방가!,2010.10.7,"3,028,000",0.0%,279,1,7,기타,기타,
598,홍길동의 후예,2009.11.26,"2,150,000",0.0%,278,4,53,한국,한국,에스케이텔레콤(주)
599,레드라인,2010.11.17,"1,368,000",0.0%,275,1,2,일본,일본,
600,용산 남일당 이야기,,"892,000",0.0%,274,1,6,한국,한국,
601,도쿄 랑데뷰,2010.1.28,"1,812,000",0.0%,272,1,19,일본,일본,(주)스폰지이엔티
602,스페인 영화제 2010 (페드로 알모도바르 특별전),,"2,084,000",0.0%,271,1,31,스페인,스페인,
603,비포 나잇 폴스,2002.6.21,"1,788,000",0.0%,268,1,13,미국,미국,필름뱅크(주)
604,곤충들의 수다 시리즈 4~6,,"627,000",0.0%,267,1,2,영국,영국,
605,희생,1995.5.25,"2,085,000",0.0%,265,1,8,스웨덴,"스웨덴,영국,프랑스",
605,"사람이 살고 있었다+강연: ""문학, 다큐를 만나다""",,"713,000",0.0%,265,1,1,스위스,스위스,
605,센츄리온+피라냐 2D+익스펜더블,2010.8.26,"2,890,000",0.0%,265,1,7,기타,기타,
608,500일의 썸머+들어는봤니? 모건 부부+하모니,2010.1.28,"2,840,000",0.0%,264,1,7,기타,기타,
609,맹물로 가는 자동차,1974.3.23,"526,000",0.0%,263,1,6,한국,한국,
609,로빈후드+하녀+페르시아의 왕자: 시간의 모래,2010.5.27,"2,862,000",0.0%,263,1,6,기타,기타,
611,이끼+아저씨+고사 두 번째 이야기: 교생실습,2010.8.5,"2,858,000",0.0%,259,1,2,기타,기타,
611,쉬즈 더 원,2010.7.15,"1,324,000",0.0%,259,4,73,중국,중국,
611,시네마정동-킥 애스: 영웅의 탄생+베스트셀러+아이언맨 2,2010.4.29,"2,802,000",0.0%,259,1,6,기타,기타,
614,2010 3D한국국제영화제,2010.10.13,"2,520,000",0.0%,252,2,21,기타,기타,
615,앙드레 마티유,2011.1.13,"1,843,000",0.0%,250,1,5,캐나다,캐나다,(주)씨타마운틴픽쳐스
616,대한 아트 필름 페스티발-Let There Be Love,2010.4.1,"747,000",0.0%,249,1,34,기타,기타,
617,데드라인,2010.4.8,"1,787,000",0.0%,247,1,11,미국,미국,㈜코리아스크린
618,락앤롤 보트,,"1,790,000",0.0%,245,1,4,영국,"영국,독일,프랑스",
619,인디다큐페스티발2010-올해의 신작전,,"1,186,000",0.0%,244,1,14,한국,한국,
620,2009 광주국제영화제,,"1,215,000",0.0%,243,3,30,기타,기타,
621,파라노말 액티비티+주유소 습격사건2+아빠가 여자를 좋아해,2010.1.20,"2,638,000",0.0%,242,1,8,기타,기타,
621,바나나 소송사건,,"625,000",0.0%,242,1,2,스웨덴,"스웨덴,덴마크",
623,500일의 썸머+용서는 없다+주유소 습격사건2,2010.1.20,"2,578,000",0.0%,241,1,8,기타,기타,
623,신외팔이,,"482,000",0.0%,241,1,6,홍콩,홍콩,
623,엘라의 계곡,2009.12.10,"1,776,000",0.0%,241,2,47,미국,미국,인터비스앤파트너스(주)
626,당신은 아름답다,2010.8.26,"1,685,500",0.0%,240,2,69,한국,한국,(주)씨타마운틴픽쳐스
627,코파카바나,2011.5.26,"1,712,000",0.0%,237,1,4,프랑스,프랑스,(주)티캐스트
628,페이퍼 하트,2010.9.2,"1,292,000",0.0%,233,1,52,미국,미국,필름메신저
629,파라노말 액티비티+용서는 없다+웨딩드레스,2010.1.14,"2,534,000",0.0%,231,1,6,기타,기타,
629,이브의 시간 극장판,,"1,142,000",0.0%,231,1,2,일본,일본,
631,피라냐 2D+악마를 보았다+인셉션,2010.8.26,"2,554,000",0.0%,230,1,2,기타,기타,
632,사랑 후에 남겨진 것들,2009.2.19,"1,376,500",0.0%,227,1,10,독일,독일,(주)영화사 진진
633,루팡 3세: 칼리오스트로의 성,2017.5.25,"1,124,000",0.0%,226,1,2,일본,일본,(주)에이원엔터테인먼트
634,슈렉2,2004.6.18,"1,588,000",0.0%,225,1,14,미국,미국,씨제이엔터테인먼트
635,셔터 아일랜드+콜링 인 러브+그린 존,,"2,400,000",0.0%,222,1,7,미국,미국,
636,아이언맨 2+구르믈 버서난 달처럼+로빈후드,2010.5.13,"2,398,000",0.0%,218,1,7,기타,기타,
637,500일의 썸머+들어는 봤니? 모건 부부+의형제,2010.2.4,"2,370,000",0.0%,217,1,7,기타,기타,
638,황야의 결투,2010.11.30,"698,000",0.0%,214,1,8,미국,미국,
639,디어 존+이상한 나라의 앨리스+포스 카인드,,"2,290,000",0.0%,213,1,7,미국,미국,
640,세라핀,2009.6.4,"1,434,000",0.0%,204,1,16,프랑스,프랑스,(주)영화사구안
641,은하철도 999,2010.11.17,"1,003,000",0.0%,202,1,2,일본,일본,
641,2010 AISFF-트래블링 쇼츠 인 코리아,2010.11.4,"794,000",0.0%,202,1,2,기타,기타,
643,인티파다 NYC + 드라이브,,"517,500",0.0%,201,1,2,미국,"미국,호주",
643,인플루언스,2010.8.19,"1,505,000",0.0%,201,3,35,한국,한국,
645,평행이론+포스 카인드+퍼시잭슨과 번개도둑,2010.2.25,"2,236,000",0.0%,200,1,7,기타,기타,
645,오페라-아이다,2009.12.6,"3,978,000",0.0%,200,1,3,미국,미국,(주)에이치엠엔
645,노다메 칸타빌레 최종악장,2011.1.13,"1,200,000",0.0%,200,1,1,일본,일본,"(주)미로비젼,아뮤즈코리아(주)"
648,2010 AISFF-거장들의 패션필름,2010.11.4,"985,000",0.0%,198,1,1,기타,기타,
649,하이퍼텍나다 [에로티시즘 영화제],2010.6.23,"1,343,500",0.0%,197,1,18,기타,기타,
650,우주쇼에 어서오세요,,"972,000",0.0%,195,1,2,일본,일본,
650,뉴 제너레이션으로의 여행,2010.11.17,"968,000",0.0%,195,1,2,일본,일본,
652,곤 사토시 추도 : 도쿄 갓파더즈(크리스마스에 기적을 만날 확률),2010.11.17,"967,000",0.0%,194,1,2,일본,일본,
653,페르시아의 왕자: 시간의 모래+꿈은 이루어진다+내 깡패 같은 애인,2010.5.27,"2,100,000",0.0%,193,1,6,기타,기타,
654,강을 건너는 사람들,2007.11.30,"496,000",0.0%,190,1,2,한국,한국,(주)영화사 진진
654,게르니카,,"491,000",0.0%,190,1,2,프랑스,프랑스,
654,A-특공대+베스트 키드+유령작가,2010.6.10,"2,038,000",0.0%,190,1,6,기타,기타,
657,사랑의 찬가,,"558,000",0.0%,188,1,3,이탈리아,이탈리아,
658,안개속의 풍경,1996.9.21,"1,444,000",0.0%,186,1,4,그리스,"그리스,이탈리아,프랑스",
659,피아니스트,2003.1.1,"1,112,000",0.0%,185,1,8,프랑스,프랑스,"(주)씨네월드,(주)드림팩트엔터테인먼트"
660,남쪽으로 튀어,,"1,412,500",0.0%,184,1,8,일본,일본,(주)키노아이디엠씨
660,사요나라 안녕 짜이쩬,,"505,000",0.0%,184,1,2,한국,한국,
662,19-Nineteen,2009.11.12,"1,464,000",0.0%,183,1,1,한국,한국,씨제이엔터테인먼트
662,내 눈에 콩깍지,2009.11.5,"1,464,000",0.0%,183,1,1,한국,한국,씨제이엔터테인먼트
662,로맨스,,"1,000,000",0.0%,183,1,2,스페인,"스페인,이탈리아,프랑스",
662,미남 세르쥬,2010.12.14,"1,007,000",0.0%,183,1,4,프랑스,프랑스,
666,사랑은 너무 복잡해+이상한 나라의 앨리스+프롬파리 위드러브,2010.3.11,"1,958,000",0.0%,182,1,7,기타,기타,
667,여대생 기숙사+방자전+나잇 & 데이,2010.6.24,"1,958,000",0.0%,181,1,7,기타,기타,
667,울프맨+공자-춘추전국시대+퍼시잭슨과 번개도둑,2010.2.11,"1,994,000",0.0%,181,1,3,기타,기타,
669,죽은 개를 찾아서+조금 불편한 그다지 불행하지 않은 0.43,,"456,000",0.0%,180,1,2,한국,한국,
669,초콜릿 고마워,,"1,010,000",0.0%,180,1,3,프랑스,"프랑스,스위스",
671,알제리 전투,2009.10.15,"1,027,000",0.0%,179,1,35,이탈리아,"이탈리아,기타",실버스푼
672,배터리,,"1,268,000",0.0%,177,1,12,일본,일본,
673,"지금, 이대로가 좋아요",2009.4.23,"1,089,000",0.0%,175,1,17,한국,한국,"(주)스폰지이엔티,스폰지"
674,라스트 에어벤더+내니 맥피 2+솔트,2010.8.19,"1,900,000",0.0%,174,1,7,기타,기타,
675,분홍돌고래,2010.7.1,"1,134,000",0.0%,172,2,77,한국,한국,(주)씨네마루
676,의식,,"952,000",0.0%,171,1,3,프랑스,"프랑스,독일",
677,일본식남자응원단+완벽한 사람은 없잖아,,"486,500",0.0%,170,1,2,일본,"일본,덴마크",
678,메모리즈,2012.12.13,"846,000",0.0%,169,1,2,일본,일본,에이원엔터테인먼트
678,그녀에게,2010.5.13,"1,106,000",0.0%,169,2,54,한국,한국,(주)스폰지이엔티
680,[1st BeFF 2010] 제1회 부산 외국인 영화제,,"501,000",0.0%,167,1,13,기타,기타,
681,파이어프루프-사랑의 도전,2009.9.18,"664,000",0.0%,166,1,1,미국,미국,"크로스픽쳐스(주),(주)허리우드극장"
681,윌로우 트리,2010.4.29,"1,092,500",0.0%,166,1,33,이란,이란,(주)영화사구안
681,질문 하나가 세상을 바꾼다,,"408,500",0.0%,166,1,1,미국,미국,
684,2010 AISFF-메이드 바이 커머셜 디렉터스,2010.11.4,"820,000",0.0%,165,1,1,기타,기타,
684,시네클럽-네 멋대로 해라,2010.6.20,"911,000",0.0%,165,1,1,프랑스,프랑스,
686,골조브의 아이들-40년 기록의 대단원 Part2: 만약 그들이 죽지 않았더라면,,"475,000",0.0%,162,1,2,독일,독일,
686,패밀리마트,2010.11.25,"986,000",0.0%,162,4,45,한국,한국,(재)전주국제영화제조직위원회
688,앨빈과 슈퍼밴드,2007.12.19,"1,139,000",0.0%,161,1,13,미국,미국,이십세기폭스필름코퍼레이션
689,베스트셀러+타이탄+허트 로커,2010.4.22,"1,732,000",0.0%,160,1,7,기타,기타,
690,보이 A,2009.5.21,"998,000",0.0%,158,1,21,영국,영국,(주)영화사구안
690,영웅본색 2,1988.7.22,"599,000",0.0%,158,1,15,홍콩,홍콩,(유)조이앤시네마
692,휴일,,"942,000",0.0%,157,1,2,한국,한국,
692,섹스 앤 더 시티,2008.6.5,"1,061,000",0.0%,157,1,6,미국,미국,에스케이텔레콤(주)
694,노인을 위한 나라는 없다,2008.2.21,"1,306,000",0.0%,156,1,8,미국,미국,씨제이엔터테인먼트
694,잘 알지도 못하면서,2009.5.14,"949,000",0.0%,156,3,22,한국,한국,(주)스폰지이엔티
696,거대한 피라미드,,"421,500",0.0%,155,1,2,독일,독일,
696,기동경찰 패트레이버,,"770,000",0.0%,155,1,2,일본,일본,
698,인민의 적,,"457,000",0.0%,153,1,5,영국,"영국,캄보디아",
698,"나는 베트남, 너는 이라크+하지 말아야 할 것들+Three Memories",,"405,500",0.0%,153,1,2,한국,"한국,미국",
698,"다큐 인 나다-2010년 2,3월",2010.2.3,"1,061,000",0.0%,153,1,8,기타,기타,
698,도쿄 매그니튜드 8.0,,"910,000",0.0%,153,1,1,일본,일본,
702,타이탄+크레이지+그린존,,"1,638,000",0.0%,152,1,7,미국,미국,
703,2010 AISFF-여자는 두 번 플레이 한다,2010.11.4,"744,000",0.0%,150,1,1,기타,기타,
703,노스탤지아,1996.2.10,"1,162,000",0.0%,150,1,4,러시아,러시아,
705,허트 로커+일라이+킥 애스: 영웅의 탄생,,"1,634,000",0.0%,149,1,7,미국,미국,
705,소리를 찾아서,,"387,500",0.0%,149,1,1,미국,미국,
705,"1989 가을, 라이프치히",,"387,500",0.0%,149,1,2,독일,독일,
705,마음의 가시,,"401,000",0.0%,149,1,2,프랑스,프랑스,
709,포스 카인드+클로이+커플 테라피: 대화가 필요해,,"1,616,000",0.0%,148,1,7,미국,미국,
709,오체투지 다이어리,,"403,500",0.0%,148,1,5,한국,한국,
711,저 달이 차기 전에,,"444,500",0.0%,144,1,3,한국,한국,
712,나는 영국왕을 섬겼다,2008.5.1,"1,104,000",0.0%,143,1,6,체코,"체코,아이슬란드",데이지엔터테인먼트
713,악의 꽃,,"794,000",0.0%,142,1,3,프랑스,프랑스,
714,애프터 라이프+피라냐+해결사,2010.9.9,"1,574,000",0.0%,141,1,6,기타,기타,
714,어머니의 눈물,,"357,500",0.0%,141,1,2,이란,이란,
716,종로의 기적,2011.6.2,"834,000",0.0%,139,1,3,한국,한국,시네마달
717,서바이버즈 - 제흐리 경찰서의 날들,,"360,000",0.0%,138,1,2,한국,한국,
718,달팽이의 별,2012.3.22,"274,000",0.0%,137,1,6,한국,한국,(주)영화사조아
719,우리 시대의 프랑스 영화 특별전,,"815,000",0.0%,136,1,23,프랑스,프랑스,
719,이상한 나라의 앨리스+디어 존+평행이론,2010.3.11,"1,486,000",0.0%,136,1,7,기타,기타,
719,신디 잼 썸머 2010,2010.6.21,"518,000",0.0%,136,1,12,기타,기타,
719,타인의 삶,2007.3.22,"1,150,000",0.0%,136,1,4,독일,독일,"(주)유레카픽쳐스 ,(주)에스와이코마드,(주)에스에이치필름"
723,"친구 사이?+소년, 소년을 만나다",,"1,097,000",0.0%,135,1,2,한국,한국,
723,테츠카 오사무 단편작품집,,"669,000",0.0%,135,1,2,일본,일본,
725,라인의 황금,2010.12.18,"3,227,000",0.0%,134,1,6,미국,미국,(주)에이치엠엔
726,"조제, 호랑이 그리고 물고기들",2004.10.29,"751,000",0.0%,133,1,5,일본,일본,"(주)프레인글로벌,(주)스폰지이엔티"
726,웨딩드레스+아빠가 여자를 좋아해+전우치,,"1,442,000",0.0%,133,1,6,한국,한국,
728,곤충들의 수다 시리즈 7~10,,"324,500",0.0%,132,1,1,영국,영국,
729,베스트셀러+프로포즈 데이+타이탄,2010.4.15,"1,424,000",0.0%,131,1,7,기타,기타,
729,"색, 계",2007.11.8,"1,024,000",0.0%,131,2,18,미국,미국,"(주)제이앤씨미디어그룹,씨제이엔터테인먼트"
731,다이브,2008.11.12,"962,000",0.0%,130,1,13,일본,일본,(주)키노아이디엠씨
731,귀를 기울이면,,"360,500",0.0%,130,1,2,캐나다,캐나다,
731,무적자+레지던트 이블 4+퀴즈왕,2010.9.30,"1,442,000",0.0%,130,1,7,기타,기타,
734,2010 AISFF-트래블링 쇼츠 인 저팬,2010.11.4,"642,000",0.0%,129,1,1,기타,기타,
734,사촌들,2010.12.14,"701,000",0.0%,129,1,3,프랑스,프랑스,
736,마스크,2010.12.14,"698,000",0.0%,127,1,3,프랑스,프랑스,
736,B1,,"329,500",0.0%,127,1,1,브라질,"브라질,중국,프랑스",
736,프로포즈 데이+집 나온 남자들+타이탄,2010.4.8,"1,400,000",0.0%,127,1,7,기타,기타,
739,백야행,2009.11.19,"757,000",0.0%,126,2,44,한국,한국,(주)시네마서비스
740,섹시한 미녀는 괴로워,2010.6.17,"1,019,000",0.0%,124,1,5,미국,미국,㈜코리아스크린
740,[SIFF2010] 단편경쟁8,,"745,000",0.0%,124,1,2,한국,한국,
740,좌파가 집권한 남미를 가다,,"345,000",0.0%,124,1,2,프랑스,프랑스,
740,모던 타임즈,1988.7.2,"248,000",0.0%,124,1,6,미국,미국,(주)엣나인필름
740,베오그라드의 유령,,"327,500",0.0%,124,1,2,세르비아,"세르비아,헝가리,불가리아",
745,무셰트,,"670,000",0.0%,123,1,3,프랑스,프랑스,
745,소피와 수진 사이,,"364,500",0.0%,123,1,2,한국,한국,
745,우리 학교,2007.3.29,"775,200",0.0%,123,1,3,한국,한국,"(주)영화사 진진,아트플러스시네마네트워크"
748,원스 어폰 어 타임 인 아메리카,1984.12.10,"695,000",0.0%,122,1,1,미국,"미국,이탈리아",(주)프레인글로벌
748,"장벽 붕괴, 그 후",,"322,500",0.0%,122,1,2,독일,독일,
748,거짓말의 한가운데,,"667,000",0.0%,122,1,3,프랑스,프랑스,
751,피스,,"387,500",0.0%,121,1,4,일본,"일본,미국",
751,투실라고+나는 어떻게 전쟁을 기록했나,,"307,000",0.0%,121,1,2,캐나다,"캐나다,스웨덴",
753,일라이+베스트셀러+크레이지,2010.4.15,"1,324,000",0.0%,120,1,7,기타,기타,
753,모정 만 리,,"320,000",0.0%,120,1,2,필리핀,"필리핀,아일랜드",
753,황진이,2007.6.6,"960,000",0.0%,120,1,1,한국,한국,(주)시네마서비스
756,비밀애+그린 존+데이브레이커스,2010.3.25,"1,282,000",0.0%,119,1,7,기타,기타,
756,리멤버 미,2011.3.3,"595,000",0.0%,119,1,1,미국,미국,㈜케이디미디어
756,2009 나다의 마지막 프로포즈_한국,,"846,500",0.0%,119,1,14,한국,한국,
759,체리 향기,1998.1.1,"955,000",0.0%,118,1,4,프랑스,"프랑스,이란",㈜영화사 백두대간
759,2010 AISFF-국제경쟁4,2010.11.4,"590,000",0.0%,118,1,2,기타,기타,
759,11월 단편 상상극장 - 2010 웃음의 영화관,,"823,000",0.0%,118,1,5,한국,한국,
762,2010 AISFF-국제경쟁1,2010.11.4,"580,000",0.0%,117,1,2,기타,기타,
762,스틸라이프,2007.6.14,"931,000",0.0%,117,1,5,홍콩,홍콩,위드시네마
762,2010년 2월 단편상상극장,,"702,000",0.0%,117,1,4,한국,한국,
765,낮술,2009.2.5,"830,000",0.0%,116,1,10,한국,한국,(주)영화사 진진
765,나의 할아버지,2010.8.12,"845,500",0.0%,116,1,9,일본,일본,(주)키노아이디엠씨
765,곽지균 감독 추모 영화제,,"636,000",0.0%,116,1,8,한국,한국,
765,아이고+나의 길 위에서,,"296,000",0.0%,116,1,2,한국,한국,
769,나의 말을 지켜봐: 어느 귀 먼 연예인들의 이야기,,"293,500",0.0%,114,1,2,미국,미국,
769,카우보이 vs. 공산주의자,,"305,000",0.0%,114,1,2,뉴질랜드,뉴질랜드,
771,천도 10년,,"280,000",0.0%,112,1,2,미국,"미국,카자흐스탄",
771,"혜화, 동",2011.2.17,"672,000",0.0%,112,1,2,한국,한국,㈜인디스토리
771,아주 나쁜 놀이터,,"282,500",0.0%,112,1,2,스페인,"스페인,스웨덴,칠레",
774,무적자+시라노; 연애조작단+레지던트 이블 4,2010.9.15,"1,200,000",0.0%,111,1,4,기타,기타,
774,지옥,2010.12.14,"620,000",0.0%,111,1,3,프랑스,프랑스,
774,사랑활동의 내구성,2010.11.4,"741,500",0.0%,111,1,48,한국,한국,시네마루(제1독립영화전용관)
774,사람을 찾습니다,2009.12.17,"674,000",0.0%,111,4,60,한국,한국,(주)키노아이디엠씨
778,어밴던드,2010.4.1,"873,000",0.0%,110,1,3,스페인,스페인,㈜코리아스크린
779,"Just The Beginning, ‘1+1=! 영화제’",,"545,000",0.0%,109,1,76,기타,기타,
779,2010 AISFF-국제경쟁2,2010.11.4,"538,000",0.0%,109,1,2,기타,기타,
781,석양의 무법자,2008.7.15,"216,000",0.0%,108,1,5,스페인,"스페인,이탈리아",
781,2010 한-EU단편영화 교류전,2010.8.5,"540,000",0.0%,108,1,31,기타,기타,
781,혐오스런 마츠코의 일생,2007.4.12,"594,000",0.0%,108,1,9,일본,일본,스폰지
784,미친 시간,,"262,500",0.0%,106,1,1,한국,한국,
784,아피찻퐁 위라세타쿤 특별전,,"1,170,000",0.0%,106,1,15,태국,태국,
784,애디언텀 블루,,"748,500",0.0%,106,1,8,일본,일본,
787,2010 AISFF-국제경쟁6,2010.11.4,"523,000",0.0%,105,1,2,기타,기타,
787,인디다큐페스티발2010-올해의 초점,,"506,000",0.0%,105,1,8,한국,한국,
787,베를린-슈테틴,,"272,500",0.0%,105,1,2,독일,독일,
787,다큐 인 나다-2010년 8월_한국,,"730,000",0.0%,105,1,3,한국,한국,
791,추적,2008.11.20,"762,000",0.0%,104,1,5,영국,영국,(주)영화사구안
791,부에노스 아이레스 탱고 카페,2008.11.6,"737,000",0.0%,104,1,10,미국,"미국,브라질,아르헨티나,영국",(주)영화사 진진
793,미스터좀비,2010.8.26,"652,500",0.0%,103,2,56,한국,한국,(주)씨타마운틴픽쳐스
793,머나먼 길,,"276,000",0.0%,103,1,2,프랑스,프랑스,
793,리버티 밸런스를 쏜 사나이,2010.9.19,"572,000",0.0%,103,1,3,미국,미국,
796,비밀애+타이탄+육혈포 강도단,2010.4.1,"1,106,000",0.0%,101,1,7,기타,기타,
796,"어머니의 이름, 파키타+중금속 인생",,"256,000",0.0%,101,1,2,중국,"중국,스페인",
796,마법사의 제자+마음이 2+이클립스,2010.7.21,"1,134,000",0.0%,101,1,7,기타,기타,
799,어댑테이션,2003.5.8,"768,000",0.0%,100,1,3,미국,미국,(주)쇼박스
800,P.S 온리 유,2010.2.25,"568,000",0.0%,97,1,19,미국,미국,뉴마켓필름
800,자전거 드림,,"553,000",0.0%,97,2,32,미국,미국,
800,스트랠라,,"506,000",0.0%,97,2,39,그리스,그리스,
803,이지 버츄,2010.4.22,"704,500",0.0%,96,1,14,영국,영국,(주)누리픽쳐스
804,나라야마 부시코,1999.10.30,"797,000",0.0%,94,1,5,일본,일본,
804,방독피,2013.8.22,"564,000",0.0%,94,1,2,한국,한국,(주)두엔터테인먼트
806,밀양,2007.5.23,"639,000",0.0%,93,1,17,한국,한국,(주)시네마서비스
806,자브리스키 포인트,,"528,000",0.0%,93,1,1,미국,미국,
806,2010 AISFF-국제경쟁7,2010.11.4,"419,000",0.0%,93,1,2,기타,기타,
806,야마무라 코지 작품집,,"462,000",0.0%,93,1,2,일본,일본,
810,무산일기,2011.4.14,"552,000",0.0%,92,1,2,한국,한국,(주)영화사 진진
810,카지노 잭 앤 더 유나이티드 스테이츠 오브 머니,,"251,000",0.0%,92,1,2,미국,미국,
810,밤과 낮,2008.2.28,"575,500",0.0%,92,1,5,한국,"한국,프랑스",(주)스폰지이엔티
813,미 앤 유 앤 에브리원,2006.1.27,"680,800",0.0%,91,1,2,미국,"미국,영국",(주)동숭아트센터
813,섹스 이즈 코메디,2004.9.16,"763,000",0.0%,91,1,5,프랑스,프랑스,㈜영화사 백두대간
813,집으로 가는 기차,,"182,000",0.0%,91,1,5,캐나다,"캐나다,중국,영국",
816,시티 오브 크레인,2010.5.6,"498,000",0.0%,90,2,43,한국,한국,(주)스폰지이엔티
816,플란다스의 개,2000.2.19,"501,000",0.0%,90,1,3,한국,한국,(주)시네마서비스
818,엘라의 모험 : 해피엔딩의 위기,2008.1.24,"356,000",0.0%,89,1,1,독일,"독일,미국",(주)쇼박스
819,도약선생,2011.6.30,"522,000",0.0%,87,1,1,한국,한국,(주)영화사 조제
819,평범한 날들,2011.9.29,"522,000",0.0%,87,1,2,한국,한국,㈜인디스토리
819,유령작가+엣지 오브 다크니스+꿈은 이루어진다,2010.6.2,"962,000",0.0%,87,1,8,기타,기타,
819,돼지가 우물에 빠진 날,1996.5.15,"560,000",0.0%,87,1,10,한국,한국,
823,셔터 아일랜드+육혈포 강도단+이상한 나라의 앨리스,2010.3.18,"910,000",0.0%,86,1,6,기타,기타,
823,지구를 지켜라,2003.4.4,"407,000",0.0%,86,1,1,한국,한국,씨제이엔터테인먼트
823,나의 납치범,,"172,000",0.0%,86,1,3,영국,"영국,콜롬비아,독일",
826,금지된 예술,,"212,000",0.0%,85,1,2,러시아,"러시아,미국",
826,크메르 루즈 - 피의 기억,,"458,000",0.0%,85,1,2,캄보디아,"캄보디아,프랑스",
826,두만강,2011.3.17,"510,000",0.0%,85,1,2,한국,"한국,프랑스,중국",㈜인디스토리
826,이지라이더,1999.4.3,"482,000",0.0%,85,1,1,미국,미국,
830,커피와 담배,2006.7.27,"504,000",0.0%,84,1,6,미국,미국,"(주)영화사 안다미로,(주)스폰지이엔티"
831,외박,,"389,000",0.0%,83,1,3,한국,한국,
832,생활의 발견,2002.3.21,"522,000",0.0%,82,2,17,한국,한국,(주)시네마서비스
832,수증기에 맺힌 인생,,"218,000",0.0%,82,1,2,핀란드,핀란드,
832,더 리더: 책 읽어주는 남자,2009.3.26,"700,000",0.0%,82,1,6,미국,"미국,독일","(주)노바미디어,에스케이텔레콤(주)"
832,크리스틴 초이 특별전,,"492,000",0.0%,82,1,4,미국,미국,
836,다큐 인 나다-2010년 1월,,"556,500",0.0%,81,1,4,한국,한국,
836,불새 2772 사랑의 코스모존,,"400,000",0.0%,81,1,2,일본,일본,
836,해변의 여인,2006.8.31,"558,000",0.0%,81,1,9,한국,한국,(주)미로비젼
839,사라지는 아이들,,"160,000",0.0%,80,1,3,미국,미국,
839,ROBOT CAGE의 작품,,"398,000",0.0%,80,1,2,일본,일본,
839,[인디포럼 월례비행] 레인보우,,"574,000",0.0%,80,1,18,한국,한국,
839,다윈의 악몽+다큐토론콘테스트결선,,"207,000",0.0%,80,1,1,캐나다,"캐나다,벨기에,오스트리아",
843,졸업,1971.6.19,"158,000",0.0%,79,1,5,미국,미국,
843,쉬린,,"431,000",0.0%,79,1,2,이란,이란,
843,2010 AISFF-국제경쟁3,2010.11.4,"393,000",0.0%,79,1,2,기타,기타,
843,아이언 크로우즈,,"212,000",0.0%,79,1,2,한국,한국,
843,"60년전, 사선에서",2010.6.24,"587,000",0.0%,79,2,29,한국,한국,(주)인터콘미디어
848,크리스마스 트리,,"544,000",0.0%,78,1,2,프랑스,프랑스,
848,보물을 찾아서,,"198,500",0.0%,78,1,2,미국,미국,
848,2010 AISFF-국제경쟁5,2010.11.4,"385,000",0.0%,78,1,2,기타,기타,
848,굿바이 칠드런,1989.12.24,"658,000",0.0%,78,1,4,프랑스,"프랑스,서독",
852,파리가 사랑한 배우,,"408,000",0.0%,77,1,11,프랑스,프랑스,
852,제3의 사나이,2008.8.9,"154,000",0.0%,77,1,6,미국,미국,
854,박하사탕,2000.1.1,"506,000",0.0%,76,1,9,한국,한국,(주)신도필림
854,섹스 파티 그리고 거짓말,2010.6.17,"645,000",0.0%,76,1,18,스페인,스페인,㈜플래니스 엔터테인먼트
854,"첫사랑: 1989, 수미다의 기억",,"456,000",0.0%,76,1,2,한국,한국,
857,팻 걸,2004.8.20,"615,000",0.0%,75,1,5,프랑스,프랑스,㈜영화사 백두대간
857,침묵의 공간+용산,,"205,000",0.0%,75,1,1,기타,기타,
857,인디펜던시아,,"414,000",0.0%,75,1,2,프랑스,"프랑스,필리핀,독일,네덜란드",
860,나는 행복합니다,2009.11.26,"390,000",0.0%,74,1,25,한국,한국,(주)영화사 진진
860,귀없는 토끼,2009.11.19,"586,000",0.0%,74,2,11,독일,독일,씨제이엔터테인먼트
862,소리를 찾아서+강연: 독립다큐멘터리 감독을 위한 사운드 특강,,"201,000",0.0%,73,1,1,미국,미국,
862,대탈주,,"146,000",0.0%,73,1,5,미국,미국,
862,시네마 정동-브라더스+대한민국 1%+아이언맨 2,2010.5.5,"788,000",0.0%,73,1,8,기타,기타,
865,변방에서 중심으로_독립영화에 대한 특별한 시선+서울영상집단의 출발과 변화: OLD&NEW,,"201,000",0.0%,72,1,1,한국,한국,
865,멋진 인생,,"144,000",0.0%,72,1,6,미국,미국,
867,도착한 사람들,,"174,500",0.0%,71,1,2,프랑스,프랑스,
867,재즈싱어공연+반드시 크게 들을 것,,"900,000",0.0%,71,1,2,한국,한국,
867,피아니스트,2002.12.20,"534,900",0.0%,71,1,2,프랑스,프랑스,"(주)블룸즈베리리소시스리미티드,(주)엠앤드엔엔터테인먼트"
870,2010년 월례비행(4~7월),,"415,000",0.0%,70,1,3,한국,한국,
870,제5회 국제대학생평화영화제,2010.10.27,"210,000",0.0%,70,3,23,기타,기타,
870,인디애니페스트 2010_외국,,"238,000",0.0%,70,1,2,기타,기타,
870,바스터즈: 거친 녀석들,2009.10.28,"455,000",0.0%,70,1,15,미국,"미국,독일",유니버설픽쳐스인터내셔널 코리아(유)
874,러시안 레슨,,"182,500",0.0%,69,1,2,노르웨이,"노르웨이,러시아",
874,마법사들,2006.3.30,"371,000",0.0%,69,1,15,한국,한국,(주)드림컴스
876,나의 계곡은 푸르렀다,,"373,000",0.0%,68,1,2,미국,미국,
876,분노의 포도,,"384,000",0.0%,68,1,2,미국,미국,
876,전장에서 나는,,"176,500",0.0%,68,1,1,한국,한국,
879,스페이스 투어리스트,,"132,000",0.0%,66,1,4,스위스,스위스,
880,홍상수 감독전,,"427,000",0.0%,65,1,19,한국,한국,
880,로큰롤 인생,2008.11.27,"195,000",0.0%,65,1,1,영국,영국,(주)영화사 진진
880,링스 어드벤처,2009.6.24,"470,000",0.0%,65,1,9,스페인,스페인,(주)성원아이컴
880,극장전,2005.5.26,"369,000",0.0%,65,1,14,한국,한국,영화사청어람(주)
884,아이들,,"384,000",0.0%,64,1,3,한국,한국,
884,2010년 6월 단편상상극장,,"445,000",0.0%,64,1,5,한국,한국,
884,메트로블랜딩,,"163,000",0.0%,64,1,2,루마니아,루마니아,
887,오월愛,2011.5.12,"378,000",0.0%,63,1,2,한국,한국,시네마달
887,SIFF2010-심야상영,,"630,000",0.0%,63,1,1,한국,한국,
887,국도화끈한극장,,"283,000",0.0%,63,1,4,한국,한국,
887,2010년 4월 단편상상극장,,"437,400",0.0%,63,1,4,한국,한국,
891,12월 단편 상상극장 - 2010 수상작 모음,,"434,000",0.0%,62,1,4,한국,한국,
892,명탐정 코난:베이커가의 망령,2008.5.1,"305,000",0.0%,61,1,5,일본,일본,투니버스(주)온미디어
892,퀴즈왕+마루 밑 아리에티(자막)+해결사,2010.9.15,"640,000",0.0%,61,1,1,기타,기타,
892,로베르 브레송 특별전,,"349,000",0.0%,61,1,6,프랑스,프랑스,
892,인디애니유랑단 2010,,"305,000",0.0%,61,1,28,한국,한국,
896,[SIFF2010] 단편경쟁5,,"360,000",0.0%,60,1,2,한국,한국,
896,시선 너머,2011.4.28,"360,000",0.0%,60,1,2,한국,한국,㈜인디스토리
896,국경일,,"326,000",0.0%,60,1,3,중국,중국,
896,필리핀 인디오에 관한 짧은 필름,,"324,000",0.0%,60,1,2,필리핀,필리핀,
896,굿'바이,2008.10.30,"508,000",0.0%,60,1,6,일본,일본,㈜케이디미디어
896,2010 AISFF-국제경쟁8,2010.11.4,"297,000",0.0%,60,1,2,기타,기타,
896,임팩트(5),,"145,000",0.0%,60,1,2,기타,기타,
896,브로큰 플라워,2005.12.8,"360,000",0.0%,60,1,5,미국,미국,스폰지
896,두 개의 세상,,"312,000",0.0%,60,1,2,프랑스,"프랑스,기타",
905,블러디 선데이,2004.6.18,"508,000",0.0%,59,1,4,영국,영국,㈜영화사 백두대간
905,"단지처, 오후의 정사",2010.6.24,"384,000",0.0%,59,1,13,일본,일본,(주)씨타마운틴픽쳐스
907,명탐정 코난 : 칠흑의 추적자,2009.7.29,"290,000",0.0%,58,1,4,일본,일본,에이원엔터테인먼트
907,르완다의 꽃+이란의 절반,,"155,000",0.0%,58,1,2,이란,"이란,스페인",
909,우리도 사랑한다,2009.5.28,"303,000",0.0%,57,1,16,독일,독일,실버스푼
909,디스코와 핵전쟁,,"114,000",0.0%,57,1,4,핀란드,"핀란드,에스토니아",
909,192-399: 더불어 사는 집 이야기,,"148,500",0.0%,57,1,1,한국,한국,
909,칼라스 포에버,2007.12.27,"410,500",0.0%,57,1,1,이탈리아,이탈리아,판씨네마(주)
913,미스트리스,2008.7.31,"452,000",0.0%,56,1,4,프랑스,"프랑스,이탈리아",프리비젼엔터테인먼트
913,헤드윅,2002.8.9,"441,800",0.0%,56,1,1,미국,미국,"(주)엣나인필름,(주)씨네월드"
913,다윈의 악몽+다큐토론콘테스트예선,,"127,500",0.0%,56,1,1,캐나다,"캐나다,벨기에,오스트리아",
913,뒤에서앞에서,2010.6.24,"431,000",0.0%,56,1,12,일본,일본,(주)씨타마운틴픽쳐스
917,[SIFF2010] 단편경쟁3,,"330,000",0.0%,55,1,2,한국,한국,
917,태양의 왕자 호르스의 대모험,2010.11.17,"272,000",0.0%,55,1,2,일본,일본,
919,청계천 메들리,,"324,000",0.0%,54,1,2,한국,한국,
919,2010칸국제광고제 미공개본,,"457,000",0.0%,54,1,17,한국,한국,
919,[SIFF2010] 단편경쟁4,,"324,000",0.0%,54,1,2,한국,한국,
919,난 이상한 사람과 결혼했다,1998.11.14,"383,000",0.0%,54,1,6,미국,미국,
923,임팩트(7),,"123,000",0.0%,53,1,2,에스토니아,에스토니아,
923,월례비행 [퀴어영화전],,"318,000",0.0%,53,1,1,한국,한국,
923,2010년 9월 단편 상상극장 - 멜로드라마,,"371,000",0.0%,53,1,4,한국,한국,
923,파리의 연인들,2007.2.8,"370,000",0.0%,53,1,1,프랑스,프랑스,(주)영화사 진진
923,악마라 불린 신부,,"106,000",0.0%,53,1,2,페루,페루,
928,바보와 천사,,"399,000",0.0%,52,1,5,미국,미국,
928,북극의 연인들,2008.12.4,"309,000",0.0%,52,1,1,스페인,"스페인,프랑스",이미지팩토리
928,고양이를 부탁해,2001.10.12,"236,000",0.0%,52,1,2,한국,한국,(주)시네마서비스
928,탈렌타임,,"282,000",0.0%,52,1,2,말레이시아,말레이시아,
928,패밀리섹션(5) - 마시마 리이치로 단편선2,,"144,000",0.0%,52,1,2,일본,일본,
928,2010년 1월 금요단편극장,,"256,000",0.0%,52,1,1,한국,한국,
928,"마지막 사랑, 첫사랑",,"253,000",0.0%,52,2,24,일본,"일본,중국",
935,잔인한 계절,,"306,000",0.0%,51,1,2,한국,한국,
935,[SIFF2010] 국내초청11,,"306,500",0.0%,51,1,2,한국,한국,
935,플루토에서 아침을,2007.4.5,"309,000",0.0%,51,1,3,영국,영국,프리비젼엔터테인먼트
935,시노비,,"280,000",0.0%,51,2,26,일본,일본,
935,고전영화 특별 상영-로빈 우드를 추모하며,,"347,000",0.0%,51,1,16,기타,기타,
935,필리핀 영화 특별상영,,"526,000",0.0%,51,1,13,필리핀,필리핀,
935,돌핀 블루,,"375,000",0.0%,51,1,9,일본,일본,(주)키노아이디엠씨
942,2010년 8월 단편 상상극장 - 2010 환상특급,,"347,000",0.0%,50,1,5,한국,한국,
942,페스티벌 봄-분미 아저씨께 보내는 편지,,"250,000",0.0%,50,1,2,태국,태국,
942,옥포만에 메아리칠 우리들의 노래를 위하여_'90 대우조선 단협투쟁기+전열,,"125,000",0.0%,50,1,1,한국,한국,
942,반두비,2009.6.25,"339,000",0.0%,50,1,8,한국,한국,㈜인디스토리
946,리피피,2008.8.9,"260,000",0.0%,49,1,1,프랑스,프랑스,
946,하수구,,"268,000",0.0%,49,1,2,필리핀,필리핀,
946,2010년 7월 단편상상극장-여행이야기,,"340,000",0.0%,49,1,5,한국,한국,
949,패밀리(3),,"117,000",0.0%,48,1,2,,,
949,구리 요지 & 후루카와 타쿠 작품집,,"236,000",0.0%,48,1,2,일본,일본,
949,너 없인 살 수 없어,,"330,000",0.0%,48,1,3,대만,대만,
949,댄 인 러브,2008.3.27,"384,000",0.0%,48,1,1,미국,미국,씨제이엔터테인먼트
949,우리 가족은 성형중독,,"96,000",0.0%,48,1,2,스웨덴,스웨덴,
949,비스트 스토커 2 - 두 번째 이야기,2010.11.11,"283,000",0.0%,48,2,25,홍콩,홍콩,(주)씨타마운틴픽쳐스
955,안토니아스 라인,1997.1.11,"386,000",0.0%,47,1,4,영국,"영국,네덜란드,벨기에",
955,[팡테옹 뒤 시네마 프랑세]영화제(2006),2006.8.31,"188,000",0.0%,47,1,1,프랑스,프랑스,
955,나는 곤경에 처했다!,2009.12.10,"357,000",0.0%,47,1,6,한국,한국,씨제이 씨지브이(CJ CGV)(주)
955,[SIFF2010] 단편경쟁6,,"282,000",0.0%,47,1,2,한국,한국,
955,당신과 나의 전쟁,,"374,000",0.0%,47,1,3,한국,한국,
955,라 비 앙 로즈,2007.11.21,"387,000",0.0%,47,1,3,프랑스,"프랑스,영국,체코","(주)블룸즈베리리소시스리미티드,(주)프라임엔터테인먼트"
961,마이 페어 레이디,,"246,000",0.0%,46,1,1,미국,미국,
961,야만의 무기,,"276,000",0.0%,46,1,2,한국,한국,
961,모호크족의 북소리,,"246,000",0.0%,46,1,2,미국,미국,
961,다큐 인 나다-2010년 10월,2010.10.2,"322,000",0.0%,46,1,4,기타,기타,
961,사람이 살고 있었다,,"120,000",0.0%,46,1,1,카타르,"카타르,스위스",
961,다큐 인 나다-2010년 4월,,"346,000",0.0%,46,1,4,한국,한국,
961,"양 한 마리, 양 두 마리",2011.12.1,"270,000",0.0%,46,1,2,한국,한국,씨네굿
961,걸어도 걸어도,2009.6.18,"336,000",0.0%,46,1,4,일본,일본,(주)영화사 진진
961,케로로 더 무비:케로로 VS 케로로 천공대결전,2008.8.7,"229,000",0.0%,46,1,6,일본,일본,투니버스(주)온미디어
961,일본인디필름 페스티벌 리턴즈,2007.6.28,"275,000",0.0%,46,1,4,일본,일본,
971,[SIFF2010] 단편경쟁7,,"270,000",0.0%,45,1,2,한국,한국,
971,[SIFF2010] 단편경쟁9,,"270,000",0.0%,45,1,2,한국,한국,
973,[SIFF2010] 단편경쟁1,,"264,000",0.0%,44,1,2,한국,한국,
973,다큐 인 나다-2010년 6월,,"306,000",0.0%,44,1,5,한국,한국,
973,식코,2008.4.3,"88,000",0.0%,44,1,2,미국,미국,(주)스폰지이엔티
973,남승석 감독 특별전,2010.9.16,"220,000",0.0%,44,1,19,기타,기타,
973,[SIFF2010] 단편경쟁2,,"264,000",0.0%,44,1,2,한국,한국,
978,원 위크,2009.9.24,"288,000",0.0%,43,1,3,캐나다,캐나다,실버스푼
978,2010 서울국제실험영화페스티벌,,"215,000",0.0%,43,1,14,기타,기타,
980,서울여성영화제 로드쇼;단편섹션2,,"188,000",0.0%,42,1,4,한국,한국,
980,미치고 싶을 때,2004.11.12,"210,000",0.0%,42,1,6,독일,독일,제이에스필름
982,제10회 서울국제뉴미디어페스티벌,2010.8.11,"205,000",0.0%,41,1,6,기타,기타,
982,매치 포인트,2006.4.13,"308,500",0.0%,41,1,2,영국,"영국,미국","(주)퍼스트런,글뫼 주식회사,씨제이엔터테인먼트"
982,임팩트(3),,"122,000",0.0%,41,1,2,기타,기타,
982,상영중,,"222,000",0.0%,41,1,2,필리핀,"필리핀,프랑스",
982,클림트,2006.6.29,"314,500",0.0%,41,1,1,독일,"독일,영국,프랑스,오스트리아",(주)스폰지이엔티
982,남자의 초상,,"82,000",0.0%,41,1,3,핀란드,핀란드,
988,2010년 5월 단편상상극장,,"276,400",0.0%,40,1,4,한국,한국,
988,불륜의 시간,2010.7.15,"274,000",0.0%,40,1,27,독일,독일,미디어소프트
988,빠드레 빠드로네,1997.6.21,"320,000",0.0%,40,1,3,이탈리아,이탈리아,
991,레오파드,,"210,000",0.0%,39,1,1,이탈리아,이탈리아,
991,초록물고기,1997.2.7,"237,000",0.0%,39,1,6,한국,한국,(주)시네마서비스
991,오아시스,2002.8.14,"248,000",0.0%,39,1,10,한국,한국,
994,다큐 인 나다-2010년 7월(한국),,"265,000",0.0%,38,1,2,한국,한국,
994,처녀들의 저녁식사,1998.10.3,"212,000",0.0%,38,1,5,한국,한국,
994,후회하지 않아,2006.11.16,"216,000",0.0%,38,1,9,한국,한국,씨제이엔터테인먼트
997,쉘 위 키스,2009.6.18,"262,000",0.0%,37,1,1,프랑스,프랑스,프리비젼엔터테인먼트
997,8명의 여인들,2004.2.27,"258,000",0.0%,37,1,1,프랑스,프랑스,무비즈엔터테인먼트㈜
997,나쁜 교육,2004.9.17,"244,000",0.0%,37,1,2,스페인,스페인,(주)스폰지이엔티
997,애자,2009.9.9,"191,500",0.0%,37,1,10,한국,한국,(주)시너지하우스 (시너지)
1001,메종 드 히미코,2006.1.26,"180,000",0.0%,36,1,1,일본,일본,스폰지
1001,퍼니 게임,2009.10.8,"190,000",0.0%,36,2,10,미국,"미국,영국,프랑스",(주)스폰지이엔티
1001,오페라 자바,,"200,000",0.0%,36,1,2,인도네시아,"인도네시아,오스트리아",
1001,노이 알비노이,2006.9.29,"215,000",0.0%,36,1,2,아이슬란드,"아이슬란드,영국,독일",(주)영화랑
1001,내 청춘에게 고함,2006.7.13,"220,000",0.0%,36,1,1,한국,"한국,일본",(주)이모션픽처스
1006,나각소나타,,"210,000",0.0%,35,1,2,한국,한국,
1006,굽이도는 증기선,2010.11.30,"176,000",0.0%,35,1,2,미국,미국,
1006,내 남자의 아내도 좋아,2009.4.15,"287,000",0.0%,35,1,3,스페인,"스페인,미국",(주)씨지브이신도림
1009,패밀리(1),,"90,000",0.0%,34,1,2,기타,기타,
1009,가까이서 본 기차,2007.5.10,"281,000",0.0%,34,1,3,체코,체코,㈜영화사 백두대간
1009,자가당착: 시대정신과 현실참여,2015.9.10,"204,000",0.0%,34,1,2,한국,한국,(주)인디플러그
1009,보라,2011.11.24,"204,000",0.0%,34,1,2,한국,한국,시네마달
1013,축구다큐특별전,,"229,000",0.0%,33,1,16,기타,기타,
1013,인디다큐페스티발2010-아시아의 초점,,"155,000",0.0%,33,1,5,기타,기타,
1013,임팩트(6),,"98,000",0.0%,33,1,2,기타,기타,
1013,오래된 정원,2007.1.4,"193,500",0.0%,33,1,7,한국,한국,롯데쇼핑㈜롯데엔터테인먼트
1013,슬럼독 밀리어네어,2009.3.19,"261,000",0.0%,33,1,4,영국,"영국,미국",씨제이엔터테인먼트
1018,2010년 10월 단편 상상극장 - 대단한 단편영화제 수상작 모음,,"222,800",0.0%,32,1,4,한국,한국,
1018,나의 불행에는 이유가 있다,2010.11.25,"199,500",0.0%,32,2,20,한국,한국,"시네마루,위드시네마"
1018,영화사 1부,2008.8.22,"222,000",0.0%,32,1,3,프랑스,프랑스,
1018,가장 달콤한 소리,,"222,000",0.0%,32,1,2,미국,미국,
1018,용산,,"192,000",0.0%,32,1,2,한국,한국,
1023,토도 토도 테로스,,"162,000",0.0%,31,1,2,필리핀,필리핀,
1023,멋진 하루,2008.9.25,"133,000",0.0%,31,1,1,한국,한국,롯데쇼핑㈜롯데엔터테인먼트
1023,2010년 3월 단편상상극장,,"184,000",0.0%,31,1,4,한국,한국,
1023,코렐라인: 비밀의 문,2009.5.21,"310,000",0.0%,31,1,3,미국,미국,
1023,너와 나의 21세기,2009.12.10,"232,000",0.0%,31,1,6,한국,한국,씨제이 씨지브이(CJ CGV)(주)
1023,영화사 2부,2008.8.22,"207,000",0.0%,31,1,3,프랑스,프랑스,
1029,엄지아빠,2010.9.2,"196,000",0.0%,30,1,19,한국,한국,위드시네마
1029,다른 반쪽,,"168,000",0.0%,30,1,2,중국,중국,
1029,실물보다 큰,2010.11.28,"153,000",0.0%,30,1,1,미국,미국,
1029,원더풀 라이프,2001.12.9,"232,000",0.0%,30,1,1,일본,일본,"(주)영화사 안다미로,(주)라이크 콘텐츠,㈜영화사 백두대간"
1029,전염가,2010.8.12,"165,000",0.0%,30,1,2,일본,일본,(주)씨타마운틴픽쳐스
1029,가족의 이름으로,,"60,000",0.0%,30,1,2,캐나다,캐나다,
1029,악마가 너의 죽음을 알기전에,2009.5.14,"180,000",0.0%,30,1,4,미국,미국,"(유)영화사 화수분,(주)아펙스 엔터테인먼트"
1029,해리 포터와 혼혈 왕자,2009.7.15,"191,000",0.0%,30,2,3,미국,미국,워너브러더스 코리아(주)
1029,제노바,2009.11.19,"212,000",0.0%,30,1,1,영국,영국,㈜영화사 백두대간
1029,"도와줘,에로스",2010.3.18,"132,000",0.0%,30,1,6,대만,대만,(주)스폰지이엔티
1029,카운터페이터,2008.7.3,"245,000",0.0%,30,1,5,오스트리아,"오스트리아 ,독일",미디어소프트
1040,사랑은 100℃,,"87,000",0.0%,29,1,2,한국,한국,
1040,크리스마스 이야기,,"200,000",0.0%,29,1,1,프랑스,프랑스,
1040,사랑스러운 맥시모 올리베로스,,"150,000",0.0%,29,1,2,필리핀,필리핀,
1040,어톤먼트,2008.2.21,"217,500",0.0%,29,1,2,미국,미국,유니버설픽쳐스인터내셔널 코리아(유)
1040,지붕 위의 바이올린,1974.7.17,"160,000",0.0%,29,1,1,미국,미국,
1040,영웅본색,1987.5.23,"117,000",0.0%,29,1,13,홍콩,홍콩,(유)조이앤시네마
1040,빨간모자의 진실,2006.4.6,"145,000",0.0%,29,1,4,미국,미국,(주)쇼박스
1040,뽕똘,2011.8.25,"174,000",0.0%,29,1,2,한국,한국,(주)영화사 진진
1048,인디피크닉2010_한국(대구),,"164,000",0.0%,28,1,11,한국,한국,
1048,질투는 나의 힘,2003.4.18,"223,000",0.0%,28,1,4,한국,한국,씨제이엔터테인먼트
1050,[SIFF2010] 특별초청1,,"162,000",0.0%,27,1,2,한국,한국,
1050,임팩트(4),,"81,000",0.0%,27,1,2,기타,기타,
1050,뮤턴트 에일리언,2002.2.22,"214,000",0.0%,27,1,5,미국,미국,필름뱅크(주)
1050,내 곁에 있어줘,2006.4.27,"163,000",0.0%,27,1,3,싱가포르,싱가포르,씨제이엔터테인먼트
1050,다큐 인 나다-2010년 7월,,"187,000",0.0%,27,1,2,일본,일본,
1050,퐁네프의 연인들,1992.4.18,"156,000",0.0%,27,1,2,프랑스,프랑스,오드
1050,올웨이스 비보이,2009.12.24,"160,000",0.0%,27,2,15,한국,한국,실버스푼
1050,2010년 1월 단편상상극장,,"162,000",0.0%,27,1,4,한국,한국,
1050,다큐 인 나다-2010년 5월,,"183,000",0.0%,27,1,4,한국,한국,
1050,여름의 조각들,2009.3.26,"199,500",0.0%,27,1,1,프랑스,프랑스,(주)영화사구안
1060,쿠바의 연인,,"155,000",0.0%,26,1,1,한국,한국,
1060,할머니와 란제리,,"141,000",0.0%,26,1,3,스위스,스위스,
1060,철마,2010.11.30,"135,000",0.0%,26,1,2,미국,미국,
1060,섹스 앤 데스,2010.2.4,"132,000",0.0%,26,2,17,미국,미국,
1060,사랑니,2005.9.29,"110,000",0.0%,26,1,1,한국,한국,(주)시네마서비스
1060,황색 눈물,2007.6.14,"130,000",0.0%,26,1,1,일본,일본,스폰지
1060,순애보,2000.12.9,"113,000",0.0%,26,1,1,한국,한국,
1067,임팩트(1),,"73,000",0.0%,25,1,2,기타,기타,
1067,매니아(3),,"68,000",0.0%,25,1,2,기타,기타,
1067,이케맨 뱅크,,"202,000",0.0%,25,1,4,일본,일본,(주)키노아이디엠씨
1067,툰,,"194,000",0.0%,25,1,4,미국,미국,
1067,페스티벌 봄-7915,,"174,000",0.0%,25,1,2,스위스,스위스,
1067,카모메 식당,2007.8.2,"146,000",0.0%,25,1,3,일본,일본,"(주)엔케이컨텐츠,스폰지"
1073,팩토리 걸,2007.5.31,"192,000",0.0%,24,1,1,미국,미국,스폰지
1073,날개 달린 코카인,,"48,000",0.0%,24,1,2,아이슬란드,아이슬란드,
1073,인디다큐페스티발2010-개막식,,"240,000",0.0%,24,1,1,한국,한국,
1076,[EXiS2010]EX-Now 6,2010.9.2,"115,000",0.0%,23,1,2,기타,기타,
1076,돈 컴 노킹,2006.2.23,"176,000",0.0%,23,1,1,미국,미국,(주)스폰지이엔티
1076,오르가즘 주식회사,,"126,000",0.0%,23,1,4,미국,미국,
1076,파리 36의 기적,2011.2.17,"159,000",0.0%,23,1,1,프랑스,"프랑스,체코,독일",(주)영화사 진진
1080,유토피아,,"118,000",0.0%,22,1,2,태국,태국,
1080,파수꾼,2011.3.3,"132,000",0.0%,22,1,1,한국,한국,필라멘트픽쳐스
1080,눈물,2001.1.20,"137,000",0.0%,22,1,6,한국,한국,
1080,P짱은 내친구,,"110,000",0.0%,22,1,2,일본,일본,
1080,"바다 쪽으로, 한 뼘 더",2009.5.21,"134,000",0.0%,22,1,2,한국,한국,㈜인디스토리
1080,버라이어티 생존 토크쇼,,"108,000",0.0%,22,1,1,한국,한국,
1080,오이시맨,2009.2.19,"139,000",0.0%,22,1,3,한국,"한국,일본",(주)스폰지이엔티
1087,도시를 다큐하다,2010.11.1,"105,000",0.0%,21,1,3,인도,인도,
1087,웨스트 사이드 스토리,1999.5.29,"173,000",0.0%,21,1,4,미국,미국,
1087,거류+질주환상,,"99,000",0.0%,21,1,1,한국,한국,
1087,로나의 침묵,2009.6.4,"135,000",0.0%,21,1,3,벨기에,"벨기에,프랑스,이탈리아,독일",실버스푼
1087,포도나무를 베어라,2007.2.22,"124,000",0.0%,21,1,4,한국,한국,씨제이엔터테인먼트
1092,[EXiS2010]EX-Now 4,2010.9.2,"100,000",0.0%,20,1,2,기타,기타,
1092,[EXiS2010]EX-Now 8,,"100,000",0.0%,20,1,1,한국,한국,
1092,주머니 속의 꽃,,"104,000",0.0%,20,1,2,말레이시아,말레이시아,
1092,오슬로의 이상한 밤,2011.2.10,"116,000",0.0%,20,1,1,노르웨이,노르웨이,이미지팩토리
1092,마음,2007.5.10,"139,000",0.0%,20,1,1,프랑스,"프랑스,이탈리아",스폰지
1092,파라노말 포제션,2010.8.12,"111,000",0.0%,20,3,24,영국,영국,㈜코리아스크린
1092,패밀리섹션(4) - 마시마 리이치로 단편선1 Mashima Shorts1,,"53,000",0.0%,20,1,2,일본,일본,
1099,사랑은 너무 복잡해+데이브레이커스+프롬파리 위드러브,2010.3.18,"204,000",0.0%,19,1,5,기타,기타,
1099,[SIFF2010] 관객심사단 선정작 상영,,"123,500",0.0%,19,1,1,한국,한국,
1101,산타암살범,,"124,000",0.0%,18,1,1,프랑스,프랑스,
1101,약속해줘!,2009.8.13,"118,000",0.0%,18,1,3,프랑스,프랑스,(주)스폰지이엔티
1101,피와 뼈,2005.2.25,"137,000",0.0%,18,1,4,일본,일본,"(주)영화사 진진,스폰지"
1101,신 독일 영년,,"126,000",0.0%,18,1,3,프랑스,프랑스,
1105,오다기리 죠의 도쿄타워,2007.10.25,"85,000",0.0%,17,1,1,일본,일본,스폰지
1105,2008 최강애니전,2008.12.19,"51,000",0.0%,17,1,2,기타,기타,
1105,2010년 4월 금요단편극장,,"85,000",0.0%,17,1,1,한국,한국,
1108,바람난 가족,2003.8.14,"92,000",0.0%,16,1,5,한국,한국,영화사청어람(주)
1108,좋아해,2006.11.16,"80,000",0.0%,16,1,1,일본,일본,(주)스폰지이엔티
1108,허니와 클로버,2007.1.11,"80,000",0.0%,16,1,2,일본,일본,스폰지
1108,안경,2007.11.29,"90,000",0.0%,16,1,4,일본,일본,스폰지
1108,고야의 유령,2008.4.3,"118,500",0.0%,16,1,1,스페인,스페인,(주)부귀영화
1108,미래를 걷는 소녀,2009.9.17,"99,000",0.0%,16,1,3,일본,일본,(주)영화사구안
1114,69 식스티 나인,2005.3.25,"75,000",0.0%,15,1,1,일본,일본,스폰지
1114,시네마 디지털 서울 2009,,"90,000",0.0%,15,1,4,기타,기타,
1114,매니아(5),,"43,000",0.0%,15,1,2,영국,영국,
1114,아주르와 아스마르,2008.2.21,"90,000",0.0%,15,1,2,프랑스,"프랑스,벨기에,스페인,이탈리아",폴인씨네마
1114,그르바비차,2008.1.3,"75,000",0.0%,15,1,2,보스니아,보스니아,위드시네마
1114,[EXiS2010]토론토 미디어 아트 네트워크_이미지스 페스티벌_ 로스 맥래런,,"75,000",0.0%,15,1,2,캐나다,캐나다,
1114,방문자,2006.11.15,"91,000",0.0%,15,1,4,한국,한국,씨제이엔터테인먼트
1114,도쿄 소나타,2009.3.19,"96,000",0.0%,15,1,4,일본,"일본,홍콩,네덜란드",(주)스폰지이엔티
1114,[EXiS2010]회고전_ 마이클 스노우 2,,"75,000",0.0%,15,1,2,캐나다,캐나다,
1114,"히말라야, 바람이 머무는 곳",2009.6.11,"90,000",0.0%,15,1,4,한국,한국,한국예술영화관협회
1114,2010년 2월 금요단편극장,,"73,000",0.0%,15,1,1,한국,한국,
1125,피터팬의 공식,2006.4.13,"82,000",0.0%,14,1,2,한국,한국,씨제이엔터테인먼트
1125,아무도 모른다,2005.4.1,"108,500",0.0%,14,1,1,일본,일본,"(주)디스테이션,(주)동숭아트센터"
1125,매니아(2),,"42,000",0.0%,14,1,1,기타,기타,
1125,공유하는 사랑,,"72,000",0.0%,14,1,3,인도,인도,
1125,[EXiS2010]런던의 수사슴,,"70,000",0.0%,14,1,1,캐나다,캐나다,
1125,숨,2011.9.1,"56,000",0.0%,14,1,1,한국,한국,(재)전주국제영화제조직위원회
1125,러브 인 샌프란시스코,2010.6.24,"68,000",0.0%,14,1,5,영국,영국,㈜코리아스크린
1125,인디다큐페스티발2010-폐막식,,"140,000",0.0%,14,1,1,한국,한국,
1125,눈물의 웨딩 드레스,1991.3.1,"97,000",0.0%,14,1,8,한국,한국,
1125,조용한 혼돈,2009.8.27,"79,000",0.0%,14,1,3,이탈리아,"이탈리아,영국",(주)영화사 진진
1125,감자심포니,2009.12.10,"98,000",0.0%,14,2,13,한국,한국,(주)이모션픽처스
1125,아워 뮤직,2006.9.7,"96,000",0.0%,14,1,2,프랑스,프랑스,(주)유레카픽쳐스
1137,도쿄타워,2005.11.23,"65,000",0.0%,13,1,1,일본,일본,스폰지
1137,요시노 이발관,2009.6.25,"78,000",0.0%,13,1,2,일본,일본,(주)스폰지이엔티
1137,마더,2009.5.28,"100,000",0.0%,13,1,3,한국,한국,씨제이엔터테인먼트
1140,기죽지 마라,2009.12.17,"65,000",0.0%,12,1,10,한국,한국,(주)키노아이디엠씨
1140,부초,,"60,000",0.0%,12,1,1,일본,일본,
1140,[2010SIAFF]YTN스페셜+프라하의 눈,,"72,000",0.0%,12,1,1,기타,기타,
1140,누들,2008.8.14,"72,000",0.0%,12,1,4,이스라엘,이스라엘,프리비젼엔터테인먼트
1140,[EXiS2010]EX-Now 2,2010.9.2,"60,000",0.0%,12,1,1,기타,기타,
1140,고다르 단편 모음,,"83,000",0.0%,12,1,2,프랑스,프랑스,
1146,펜트하우스 코끼리,2009.11.5,"55,000",0.0%,11,1,4,한국,한국,(주)시너지하우스 (시너지)
1146,제1회 창작과나눔영화제,2010.6.3,"52,000",0.0%,11,1,43,기타,기타,
1146,키사라즈 캐츠아이-월드시리즈,,"55,000",0.0%,11,1,2,일본,일본,
1146,콰이어트 룸에서 만나요,2008.8.28,"55,000",0.0%,11,1,1,일본,일본,(주)스폰지이엔티
1146,패밀리(2),,"31,000",0.0%,11,1,1,기타,기타,
1146,임팩트섹션(8) 마시마 리이치로 장편 Mashima Feature Film,,"33,000",0.0%,11,1,2,일본,일본,
1146,오프사이드,2006.6.8,"66,000",0.0%,11,1,3,이란,이란,(주)스폰지이엔티
1146,내 이름은 튜니티,1976.4.1,"58,000",0.0%,11,1,1,이탈리아,이탈리아,
1146,매니아(4),,"33,000",0.0%,11,1,2,기타,기타,
1146,여자 없는 세상,2009.12.10,"64,000",0.0%,11,1,3,한국,한국,씨제이 씨지브이(CJ CGV)(주)
1146,금요단편극장-애니 쇼! 쇼! 쇼!,,"53,000",0.0%,11,1,1,한국,한국,
1146,[EXiS2010]EX-Now 1,2010.9.2,"55,000",0.0%,11,1,2,기타,기타,
1158,까칠한 그녀의 달콤한 연애비법,2009.10.22,"50,000",0.0%,10,1,6,미국,"미국,캐나다",실버스푼
1158,이리나 팜,2007.8.9,"50,000",0.0%,10,1,4,벨기에,벨기에,㈜세종커뮤니케이션스
1158,내 마음의 풍금,1999.3.27,"52,000",0.0%,10,1,2,한국,한국,
1158,임팩트(2),,"29,000",0.0%,10,1,2,기타,기타,
1158,여자는 남자의 미래다,2004.5.5,"48,000",0.0%,10,1,3,한국,한국,씨제이엔터테인먼트
1158,극장판 도라에몽: 진구의 공룡대탐험,2009.7.15,"50,000",0.0%,10,1,4,일본,일본,대원미디어(주)
1158,세비지 그레이스,2009.7.9,"62,000",0.0%,10,2,5,프랑스,프랑스,실버스푼
1165,[EXiS2010]EX-Now 7,,"45,000",0.0%,9,1,1,기타,기타,
1165,[EXiS2010]회고전_ 마이클 스노우 5,,"45,000",0.0%,9,1,2,캐나다,캐나다,
1165,10월 금요단편극장-앙코르 PIFF,,"43,000",0.0%,9,1,1,한국,한국,
1165,2010 AISFF-개막식,2010.11.4,"63,000",0.0%,9,1,1,기타,기타,
1165,2010 AISFF-시상식,2010.11.4,"63,000",0.0%,9,1,1,기타,기타,
1165,올드보이,2003.11.21,"72,000",0.0%,9,1,3,한국,한국,"쇼이스트(주),씨제이이앤엠(주)"
1165,몬스터,2004.6.18,"73,000",0.0%,9,1,2,독일,독일,무비즈엔터테인먼트㈜
1165,괴물,2006.7.27,"71,000",0.0%,9,1,3,한국,한국,(주)쇼박스
1165,사람은 무엇으로 사는가,2010.1.26,"53,000",0.0%,9,1,1,한국,한국,시네마달
1165,박쥐,2009.4.30,"69,000",0.0%,9,1,2,한국,"한국,미국,호주",씨제이엔터테인먼트
1165,어떤 개인 날,2009.3.12,"46,000",0.0%,9,1,2,한국,한국,씨제이엔터테인먼트
1165,블러디 발렌타인,2009.7.22,"54,000",0.0%,9,2,5,미국,미국,(주)넥스트엔터테인먼트월드(NEW)
1165,서버번 메이헴,2010.3.11,"50,000",0.0%,9,1,9,호주,호주,
1165,새벽의 끝,,"66,000",0.0%,9,1,2,말레이시아,말레이시아,
1179,[EXiS2010]EX-Now 5,2010.9.2,"40,000",0.0%,8,1,2,기타,기타,
1179,엑시던트,2010.12.30,"56,000",0.0%,8,1,3,홍콩,홍콩,(주)씨타마운틴픽쳐스
1179,매니아(1),,"24,000",0.0%,8,1,1,기타,기타,
1179,7월 단편 상상극장 - 인비져블:미스터리 극장,,"38,000",0.0%,8,1,1,한국,한국,
1179,FVABi2010 국내 페미니즘 아티비스트전-섹션4,,"48,000",0.0%,8,1,1,한국,한국,
1179,[EXiS2010]회고전_ 마이클 스노우 6,,"40,000",0.0%,8,1,2,캐나다,캐나다,
1179,나무없는 산,2009.8.27,"46,000",0.0%,8,1,4,한국,한국,씨제이엔터테인먼트
1179,킹콩을 들다,2009.7.1,"40,000",0.0%,8,1,5,한국,한국,(주)넥스트엔터테인먼트월드(NEW)
1179,[EXiS2010]토론토 특집 비디오 아트 2,,"40,000",0.0%,8,1,1,캐나다,캐나다,
1179,금요단편극장-인디스토리 쇼케이스,2011.3.25,"38,000",0.0%,8,1,1,한국,한국,
1179,4인용 식탁,2003.8.8,"38,000",0.0%,8,1,2,한국,한국,씨제이엔터테인먼트
1190,디센트,2007.7.5,"42,000",0.0%,7,1,2,영국,영국,롯데쇼핑㈜롯데엔터테인먼트
1190,시간과의 사투,2010.8.23,"14,000",0.0%,7,1,2,이스라엘,이스라엘,
1190,더 퀸,2007.2.15,"54,000",0.0%,7,1,2,영국,영국,(주)씨지브이신도림
1190,"뉴욕에서 온 남자, 파리에서 온 여자",2007.7.19,"35,000",0.0%,7,1,4,프랑스,"프랑스,독일",㈜메가박스
1190,갯마을,1978.8.6,"14,000",0.0%,7,1,1,한국,한국,
1190,[EXiS2010]인디-비주얼 _ 스티브 레인키,,"35,000",0.0%,7,1,1,캐나다,캐나다,
1196,"다큐 인 나다-2010년 2,3월_한국",,"41,000",0.0%,6,1,1,한국,한국,
1196,로망은 없다,2009.12.10,"24,000",0.0%,6,1,1,한국,한국,씨제이 씨지브이(CJ CGV)(주)
1196,스트로베리 쇼트케이크,,"30,000",0.0%,6,1,1,일본,일본,
1196,사랑의 찬가,2006.9.7,"42,000",0.0%,6,1,2,프랑스,프랑스,(주)유레카픽쳐스
1196,서울여성영화제 로드쇼;단편섹션1,,"30,000",0.0%,6,1,2,한국,한국,
1196,[EXiS2010]인디-비주얼 _ 브루스 엘더 4,,"30,000",0.0%,6,1,1,캐나다,캐나다,
1196,[EXiS2010]토론토 특집 비디오 아트 1,,"30,000",0.0%,6,1,1,캐나다,캐나다,
1196,[EXiS2010]토론토 특집_ 바바라 스텐버그 1,,"30,000",0.0%,6,1,2,캐나다,캐나다,
1196,금요단편극장-쇼킹의 단편들,,"30,000",0.0%,6,1,1,한국,한국,
1196,물을 찾는 불 위의 여자,,"42,000",0.0%,6,1,2,말레이시아,말레이시아,
1196,달콤한 악마의 유혹,2010.7.15,"42,000",0.0%,6,1,1,미국,미국,㈜코리아스크린
1207,[SIFF2010] 폐막식 - 본선수상작 상영작,,"30,000",0.0%,5,1,1,한국,한국,
1207,주차장 사람들,,"12,500",0.0%,5,1,1,미국,미국,
1207,[EXiS2010]토론토 미디어 아트 네트워크 CFMDC,,"25,000",0.0%,5,1,1,캐나다,캐나다,
1207,미소,2004.2.13,"30,000",0.0%,5,1,1,한국,한국,미소필름
1207,준벅,2007.6.28,"25,000",0.0%,5,1,3,미국,미국,프리비젼엔터테인먼트
1207,제2회 다문화영화제,2010.11.11,"30,000",0.0%,5,1,3,기타,기타,
1207,키핑 멈,2006.7.14,"40,000",0.0%,5,1,2,영국,영국,미디어소프트
1214,금요단편극장-Mini 씨네바캉스,,"20,000",0.0%,4,1,1,한국,한국,
1214,퍼즐2010 + 4 애니메이션,,"20,000",0.0%,4,1,2,독일,"독일,이탈리아,프랑스",
1214,인디다큐페스티발2010-봄 프로젝트 지원작,,"20,000",0.0%,4,1,1,한국,한국,
1214,[EXiS2010]토론토 특집 비디오 아트 4,,"20,000",0.0%,4,1,1,캐나다,캐나다,
1214,베른의 기적,2004.9.10,"26,000",0.0%,4,1,2,독일,독일,"무비즈엔터테인먼트㈜,팝엔터테인먼트"
1214,세리와 하르,,"23,000",0.0%,4,1,2,한국,한국,(주)키노아이디엠씨
1214,애프터 웨딩,2008.4.17,"20,000",0.0%,4,1,5,덴마크,"덴마크,스웨덴",(주)액티버스엔터테인먼트
1214,푸른 강은 흘러라,2009.10.8,"24,000",0.0%,4,1,2,한국,"한국,중국",
1214,일렉트릭 미스트,2009.12.17,"20,000",0.0%,4,1,2,미국,미국,씨제이엔터테인먼트
1214,2010년 3월 금요단편극장,,"20,000",0.0%,4,1,1,한국,한국,
1214,[EXiS2010]토론토 특집 비디오 아트 3,,"20,000",0.0%,4,1,2,캐나다,캐나다,
1214,[EXiS2010]토론토 특집_ 칼 브라운,,"20,000",0.0%,4,1,1,캐나다,캐나다,
1226,[EXiS2010]토론토 특집_ 필 호프만 2,,"15,000",0.0%,3,1,1,캐나다,캐나다,
1226,다큐 인 나다-2010년 8월_외국,2010.8.4,"20,000",0.0%,3,1,1,기타,기타,
1226,금요단편극장-4인4색 ‘여자’,,"15,000",0.0%,3,1,1,한국,한국,
1226,우주의 역사,,"20,000",0.0%,3,1,2,태국,태국,
1226,나의 판타스틱 데뷔작,2009.5.7,"15,000",0.0%,3,1,4,영국,"영국,독일,프랑스",예지림엔터테인먼트
1226,미드나잇 미트 트레인,2008.8.21,"18,000",0.0%,3,1,2,미국,미국,롯데쇼핑㈜롯데엔터테인먼트
1226,비상,2006.12.14,"18,000",0.0%,3,1,2,한국,한국,(주)이모션픽처스
1226,오늘의 사건사고,2006.4.6,"15,000",0.0%,3,1,1,일본,일본,(주)스폰지이엔티
1226,정사 : 그녀의 비밀연애,2010.4.2,"6,000",0.0%,3,1,1,일본,일본,(주)씨앤피미디어
1226,[EXiS2010]토론토 미디어 아트 네트워크_나이아가라커스텀랩,,"15,000",0.0%,3,1,1,캐나다,캐나다,
1236,관능소설가의 아내,2010.7.27,"4,000",0.0%,2,1,1,일본,일본,(주)씨앤피미디어
1236,[EXiS2010]토론토 특집_ 바바라 스텐버그 2,,"10,000",0.0%,2,1,1,캐나다,캐나다,
1236,슈팅 라이크 베컴,2002.8.30,"12,000",0.0%,2,1,2,영국,영국,(주)씨네월드
1236,노트: 아내와 남교수의 금지된 사랑,2010.7.13,"4,000",0.0%,2,1,1,일본,일본,(주)씨앤피미디어
1236,요녀전설: 사악한 욕망,2010.7.12,"4,000",0.0%,2,1,1,일본,일본,(주)씨앤피미디어
1236,핑거프린트,,"9,000",0.0%,2,1,1,한국,한국,
1236,천리마 축구단,2005.8.26,"10,000",0.0%,2,1,2,영국,영국,(주)동숭아트센터
1236,불륜 2,2010.4.12,"4,000",0.0%,2,1,1,일본,일본,(주)씨앤피미디어
1236,위험한 여자,2010.7.11,"4,000",0.0%,2,1,1,일본,일본,(주)씨앤피미디어
1236,바람난 아내,2010.4.12,"4,000",0.0%,2,1,1,일본,일본,(주)씨앤피미디어
1236,영광의 날들,2007.8.30,"10,000",0.0%,2,1,2,프랑스,프랑스,프리비젼엔터테인먼트
1236,더 레블 - 영웅의 피,2010.7.15,"4,000",0.0%,2,1,1,베트남,베트남,(주)소나무픽쳐스
1236,익사일,2007.7.5,"14,000",0.0%,2,1,2,홍콩,홍콩,(주)이모션픽처스
1236,금지된 축구단,,"12,500",0.0%,2,1,2,덴마크,덴마크,
1236,로미오와 줄리엣 결혼하다,2008.4.17,"10,000",0.0%,2,1,3,브라질,브라질,(주)액티버스엔터테인먼트
1236,목욕탕에 그녀가 있다,2010.5.3,"4,000",0.0%,2,1,1,일본,일본,(주)씨앤피미디어
1236,거절하지 못하는 여자,2010.4.12,"4,000",0.0%,2,1,1,일본,일본,(주)씨앤피미디어
1236,뜨겁게 안아줘,2010.5.3,"4,000",0.0%,2,1,1,일본,일본,(주)씨앤피미디어
1236,부부생활 보고서,2010.4.12,"4,000",0.0%,2,1,1,일본,일본,(주)씨앤피미디어
1236,FVABi2010 국내 페미니즘 아티비스트전-섹션3,,"10,000",0.0%,2,1,1,한국,한국,
1236,FVABi2010-개막식,,"20,000",0.0%,2,1,1,한국,한국,
1236,FVABi2010 국내 페미니즘 아티비스트전-섹션2,,"10,000",0.0%,2,1,1,한국,한국,
1236,아키하바라의 하녀카페:완전한 사육,2010.7.29,"4,000",0.0%,2,1,1,일본,일본,(주)씨앤피미디어
1236,[EXiS2010]회고전_ 마이클 스노우 3,,"10,000",0.0%,2,1,1,캐나다,캐나다,
1236,[EXiS2010]인디-비주얼 _ 브루스 엘더 2,,"10,000",0.0%,2,1,1,캐나다,캐나다,
1236,[EXiS2010]비바 페스티벌 1,2010.9.2,"10,000",0.0%,2,1,1,기타,기타,
1236,[EXiS2010]런던영화작가조합,,"10,000",0.0%,2,1,1,캐나다,캐나다,
1236,나의 달콤한 첫경험 이야기,2010.7.14,"4,000",0.0%,2,1,1,일본,일본,(주)씨앤피미디어
1264,마마상,,"6,000",0.0%,1,1,1,한국,한국,
1264,FVABi2010 국내 페미니즘 아티비스트전-섹션1,,"6,000",0.0%,1,1,1,한국,한국,
1264,드리프트우드,2010.12.23,"7,000",0.0%,1,1,1,미국,미국,㈜코리아스크린
1264,왕각흑야,,"7,000",0.0%,1,1,1,홍콩,홍콩,
1264,피스트 오브 러브,2010.5.6,"7,000",0.0%,1,1,1,미국,미국,(주)누리픽쳐스
1264,블러드 앤 초콜렛,2010.6.10,"7,000",0.0%,1,1,1,루마니아,루마니아,(주)누리픽쳐스
1264,H2: 어느 살인마의 가족이야기,2010.6.10,"8,000",0.0%,1,1,1,미국,미국,(주)누리픽쳐스
1264,아내 그리고 밀애,2010.7.9,"2,000",0.0%,1,1,1,일본,일본,(주)씨앤피미디어
1264,아내 그리고 밀애 2,2010.7.10,"2,000",0.0%,1,1,1,일본,일본,(주)씨앤피미디어
1264,[EXiS2010]토론토 특집_ 필 호프만 1,,"5,000",0.0%,1,1,2,캐나다,캐나다,
1264,[EXiS2010]인디-비주얼 _ 함양아,,"5,000",0.0%,1,1,1,한국,한국,
1264,11월 금요단편극장-트라우마를 찾아서,,"5,000",0.0%,1,1,1,한국,한국,
1264,사랑의 추구와 발견,2008.4.17,"5,000",0.0%,1,1,2,독일,독일,(주)액티버스엔터테인먼트
1264,저녁의 게임,2009.10.29,"5,000",0.0%,1,1,1,한국,한국,한국예술영화관협회
1264,매드 디텍티브,2008.9.18,"7,000",0.0%,1,1,1,홍콩,홍콩,프리비젼엔터테인먼트
1264,레즈비언 정치도전기,,"6,000",0.0%,1,1,1,한국,한국,
1264,트릭스,2009.11.12,"5,000",0.0%,1,1,5,폴란드,폴란드,프리비젼엔터테인먼트
1281,키사라즈 캐츠아이-일본시리즈,,0,0.0%,0,1,1,일본,일본,
1281,피아노의 숲,2008.10.30,0,0.0%,0,1,1,일본,일본,"(주)이모션픽처스,THE 픽쳐스"
1281,미안하다 독도야,2008.12.31,0,0.0%,0,1,2,한국,한국,메가픽쳐스제이씨(주)
1281,날아라 펭귄,2009.9.24,0,0.0%,0,1,1,한국,한국,스튜디오느림보
1281,아부지,2009.7.15,0,0.0%,0,1,3,한국,한국,실버스푼
1281,프로포즈,2009.9.3,0,0.0%,0,1,1,미국,미국,한국소니픽쳐스릴리징브에나비스타영화㈜
1281,황금시대,2009.9.10,0,0.0%,0,1,1,한국,한국,"㈜인디스토리,KT&G 상상마당 영화사업팀 컴퍼니에스에스(주)"
1281,헬로우 마이 러브,2009.10.8,0,0.0%,0,1,1,한국,한국,씨제이엔터테인먼트
1281,클라우드,2011.7.14,0,0.0%,0,1,1,독일,독일,(주)씨타마운틴픽쳐스
1281,산쇼다유,,0,0.0%,0,1,1,일본,일본,
1281,치카마츠 이야기,,0,0.0%,0,1,1,일본,일본,
1281,바람의 노래,,0,0.0%,0,1,1,한국,한국,
1281,2010 한국영화아카데미 영화제,2010.2.4,0,0.0%,0,1,21,기타,기타,
1281,공주천마신상옥청년영화제 수상작특별전,,0,0.0%,0,1,19,한국,한국,
1281,얼굴,,0,0.0%,0,1,2,일본,일본,
1281,일본의 어두운 여름 원죄,,0,0.0%,0,1,1,일본,일본,
1281,아이 러브 유,,0,0.0%,0,1,1,일본,일본,
1281,할머니의 사랑,,0,0.0%,0,1,1,일본,일본,
1281,마다다요,,0,0.0%,0,1,2,일본,일본,
1281,외통수,,0,0.0%,0,1,2,일본,일본,
1281,철권,,0,0.0%,0,1,2,일본,일본,
1281,팔꿈치로 치기,2010.12.16,0,0.0%,0,1,2,일본,일본,
1281,장화 신은 고양이,2010.12.16,0,0.0%,0,1,1,일본,일본,
1281,벌거벗은 섬,,0,0.0%,0,1,1,일본,일본,
1281,백치,,0,0.0%,0,1,2,일본,일본,
1281,추문,2010.12.16,0,0.0%,0,1,2,일본,일본,
1281,조용한 결투,2010.12.16,0,0.0%,0,1,2,일본,일본,
1281,아카니시가키타,2010.12.16,0,0.0%,0,1,1,일본,일본,
1281,백만량의 항아리,2010.12.16,0,0.0%,0,1,1,일본,일본,
1281,쿠바의 연인,2011.1.13,0,0.0%,0,1,1,한국,한국,시네마달
1281,소중한 사람,2011.9.21,0,0.0%,0,1,1,일본,일본,(주)영화사조아
1281,부끄러움,2010.4.29,0,0.0%,0,1,1,일본,일본,
1281,제3회 서울세계단편영화제,2010.5.26,0,0.0%,0,1,4,기타,기타,
1281,국도올빼미 상영회,,0,0.0%,0,1,9,기타,기타,
1281,"6월 영화 희망 나눔, 영화인 캠페인- 할",,0,0.0%,0,1,1,한국,한국,
1281,2010년 7~12월 일본영화걸작 정기무료상영회,,0,0.0%,0,1,1,일본,일본,
1281,7월 정기상영회,,0,0.0%,0,1,1,한국,한국,
1281,8월 영화관 속 작은 학교-키드,,0,0.0%,0,1,1,미국,미국,
1281,"두밀리, 새로운 학교가 열린다",,0,0.0%,0,1,1,한국,한국,
1281,DMZ 영상캠프 제작 영상,,0,0.0%,0,1,1,한국,한국,
1281,보물을 찾아서+강연:,,0,0.0%,0,1,1,미국,미국,
1281,헬 라이드,2010.8.26,0,0.0%,0,1,1,미국,미국,
1281,[EXiS2010]인디-비주얼 _ 브루스 엘더 1,,0,0.0%,0,1,1,캐나다,캐나다,
1281,[EXiS2010]EX-IN,,0,0.0%,0,1,1,한국,한국,
1281,이타미 주조 감독 회고전,,0,0.0%,0,1,50,일본,일본,
1281,제3회 서울노인영화제,,0,0.0%,0,1,8,한국,한국,
1281,내 아버지,,0,0.0%,0,1,1,일본,일본,
1281,컬러 동물원,,0,0.0%,0,1,1,한국,한국,
1281,댄스타운,2011.9.1,0,0.0%,0,1,1,한국,한국,(주)트리필름
1281,이겨라 승리호,,0,0.0%,0,1,1,일본,일본,
1281,환희의 노래,,0,0.0%,0,1,2,일본,일본,
1281,선거,2010.12.16,0,0.0%,0,1,1,일본,일본,
1281,"구름의 저편, 약속의 장소",2017.2.28,0,0.0%,0,1,1,일본,일본,(주)삼지애니메이션
1281,겟 업!,,0,0.0%,0,1,2,일본,일본,
1281,니타보,,0,0.0%,0,1,1,일본,일본,
1281,일루셔니스트,2011.6.16,0,0.0%,0,1,2,프랑스,프랑스,(주)에스와이코마드
1281,숲의 학교,,0,0.0%,0,1,1,일본,일본,
1281,아이 러브 프렌즈,,0,0.0%,0,1,1,일본,일본,
1281,"전설의 무희, 최승희",,0,0.0%,0,1,1,일본,일본,
1281,타인의 취향,2001.7.14,0,0.0%,0,1,1,프랑스,프랑스,
1281,브라더스,2005.4.23,0,0.0%,0,1,1,덴마크,덴마크,미디어 소소
1281,킹콩,2005.12.14,0,0.0%,0,3,8,미국,미국,UIP코리아
1281,박치기!,2006.2.14,0,0.0%,0,1,2,일본,일본,프리비젼엔터테인먼트
1281,린다 린다 린다,2006.4.13,0,0.0%,0,1,1,일본,일본,프리비젼엔터테인먼트
1281,유레루,2006.8.10,0,0.0%,0,1,1,일본,일본,프리비젼엔터테인먼트
1281,황혼의 사무라이,2007.2.8,0,0.0%,0,2,3,일본,일본,프리비젼엔터테인먼트
1281,쉬즈 더 맨,2007.5.3,0,0.0%,0,1,2,미국,"미국,캐나다",㈜메가박스
1281,초속5센티미터,2007.6.21,0,0.0%,0,1,1,일본,일본,"대원디지털엔터테인먼트,(주)팝엔터테인먼트"
1281,아더와 미니모이-제1탄비밀원정대의출정,2009.7.9,0,0.0%,0,2,4,프랑스,프랑스,롯데쇼핑㈜롯데엔터테인먼트
1281,요코하마 메리,2008.2.7,0,0.0%,0,1,1,일본,일본,(주)이모션픽처스
1281,스텝업 2 : 더 스트리트,2008.3.13,0,0.0%,0,1,1,미국,미국,㈜스튜디오이쩜영
1281,너를 보내는 숲,2008.4.24,0,0.0%,0,1,1,일본,일본,(주)영화사 진진
1281,나니아 연대기:캐스피언 왕자,2008.5.15,0,0.0%,0,1,6,미국,"미국,영국",한국소니픽쳐스릴리징브에나비스타영화㈜
1281,천황군대는 진군한다,,0,0.0%,0,1,1,일본,일본,
1281,모래의 여인,2008.8.11,0,0.0%,0,1,1,일본,일본,
1281,고死 : 피의 중간고사,2008.8.7,0,0.0%,0,1,3,한국,한국,에스케이텔레콤(주)
1281,집오리와 들오리의 코인로커,2008.8.28,0,0.0%,0,1,1,일본,일본,프리비젼엔터테인먼트
1281,기아해협,,0,0.0%,0,1,1,일본,일본,
1359,007 카지노 로얄,2006.12.21,"-14,000",0.0%,-2,1,1,미국,미국,한국소니픽쳐스릴리징브에나비스타영화㈜
합계,,,"1,157,254,738,250",,"147,759,214","57,133","4,363,478",,,
,,,,,,,,,,
,,,,,,,,,,